corridor_key,period,amount_scenario,source_code,destination_code,destination_region,wise_quotes,wise_total,wise_fee_pct,wise_fx,other_quotes,other_providers,other_median,other_min,other_p10,share_cheaper_all,lfl_quotes,lfl_median,share_cheaper_lfl,cheapest_alt_firm,cheapest_alt_type,cheapest_alt_payout,cheaper_alt_fee_zero_share,gap_vs_median_pp,gap_vs_min_pp,gap_vs_p10_pp
AREBGD,2024_3Q,cc1,ARE,BGD,South Asia,2,11.375,7.002721088435374,4.37,7,6,6.59,5.04,5.19,85.71428571428571,0,,,Western Union,Money transfer operator,cash,0.0,4.785,6.335,6.185
AREBGD,2024_3Q,cc2,ARE,BGD,South Asia,2,9.825,5.451226158038147,4.37,7,6,5.03,4.01,4.244,85.71428571428571,0,,,GCC Exchange,Money transfer operator,cash,0.0,4.794999999999999,5.8149999999999995,5.5809999999999995
AREBGD,2024_4Q,cc1,ARE,BGD,South Asia,2,9.035,7.002721088435374,2.03,5,4,4.62,3.07,3.442,100.0,0,,,Western Union,Money transfer operator,cash,0.0,4.415,5.965,5.593
AREBGD,2024_4Q,cc2,ARE,BGD,South Asia,2,7.484999999999999,5.451226158038147,2.03,5,4,3.41,2.43,2.47,100.0,0,,,Western Union,Money transfer operator,cash,0.0,4.074999999999999,5.055,5.014999999999999
AREBGD,2025_3Q,cc1,ARE,BGD,South Asia,2,10.705,6.374149659863946,4.33,7,6,7.01,5.98,6.130000000000001,100.0,0,,,Western Union,Money transfer operator,cash,0.0,3.6950000000000003,4.725,4.574999999999999
AREBGD,2025_3Q,cc2,ARE,BGD,South Asia,2,9.715,5.380653950953678,4.33,7,6,5.54,4.95,5.1240000000000006,100.0,0,,,MoneyGram,Money transfer operator,cash,0.0,4.175,4.765,4.590999999999999
AREEGY,2024_3Q,cc1,ARE,EGY,Middle East & North Africa,2,9.625,9.688435374149659,-0.06,13,7,3.31,0.75,2.312,100.0,1,0.75,100.0,DirectRemit (NBD),Bank,bank account,7.6923076923076925,6.3149999999999995,8.875,7.313000000000001
AREEGY,2024_3Q,cc2,ARE,EGY,Middle East & North Africa,2,6.545,6.60599455040872,-0.06,13,7,1.78,0.75,1.288,100.0,1,0.75,100.0,DirectRemit (NBD),Bank,bank account,7.6923076923076925,4.765,5.795,5.257
AREEGY,2024_4Q,cc1,ARE,EGY,Middle East & North Africa,2,9.675,9.688435374149659,-0.01,14,8,3.06,0.46,2.636,100.0,1,0.46,100.0,DirectRemit (NBD),Bank,bank account,7.142857142857142,6.615,9.215,7.039000000000001
AREEGY,2024_4Q,cc2,ARE,EGY,Middle East & North Africa,2,6.585,6.60599455040872,-0.02,14,8,1.59,0.46,1.37,100.0,1,0.46,100.0,DirectRemit (NBD),Bank,bank account,7.142857142857142,4.995,6.125,5.215
AREEGY,2025_3Q,cc1,ARE,EGY,"Middle East, North Africa, Afghanistan & Pakistan",2,9.235,9.227210884353742,0.01,14,8,2.75,0.5,2.419,100.0,1,0.5,100.0,DirectRemit (NBD),Bank,bank account,7.142857142857142,6.484999999999999,8.735,6.815999999999999
AREEGY,2025_3Q,cc2,ARE,EGY,"Middle East, North Africa, Afghanistan & Pakistan",2,6.305,6.291553133514986,0.01,14,8,1.53,0.5,1.04,100.0,1,0.5,100.0,DirectRemit (NBD),Bank,bank account,7.142857142857142,4.7749999999999995,5.805,5.265
AREIDN,2024_3Q,cc1,ARE,IDN,East Asia & Pacific,2,5.9350000000000005,5.227210884353742,0.71,6,5,4.65,2.19,3.005,66.66666666666666,0,,,Western Union,Money transfer operator,cash,0.0,1.2850000000000001,3.7450000000000006,2.9300000000000006
AREIDN,2024_3Q,cc2,ARE,IDN,East Asia & Pacific,2,5.3149999999999995,4.609536784741144,0.71,6,5,2.745,1.55,1.8250000000000002,100.0,0,,,Western Union,Money transfer operator,cash,0.0,2.5699999999999994,3.7649999999999997,3.4899999999999993
AREIDN,2024_4Q,cc1,ARE,IDN,East Asia & Pacific,2,5.225,5.227210884353742,0.0,6,5,4.5,1.96,3.035,83.33333333333334,0,,,Western Union,Money transfer operator,cash,0.0,0.7249999999999996,3.2649999999999997,2.1899999999999995
AREIDN,2024_4Q,cc2,ARE,IDN,East Asia & Pacific,2,4.605,4.609536784741144,0.0,6,5,2.5700000000000003,1.32,1.725,100.0,0,,,Western Union,Money transfer operator,cash,0.0,2.035,3.285,2.8800000000000003
AREIDN,2025_3Q,cc1,ARE,IDN,East Asia & Pacific,2,5.055,5.057142857142857,0.0,6,5,4.63,1.89,2.9549999999999996,66.66666666666666,0,,,Western Union,Money transfer operator,cash,0.0,0.4249999999999998,3.165,2.1
AREIDN,2025_3Q,cc2,ARE,IDN,East Asia & Pacific,2,4.425000000000001,4.421525885558584,0.0,6,5,2.505,1.25,1.72,100.0,0,,,Western Union,Money transfer operator,cash,0.0,1.9200000000000008,3.1750000000000007,2.705000000000001
ARELKA,2024_3Q,cc1,ARE,LKA,South Asia,2,6.404999999999999,5.945578231292517,0.46,6,4,2.45,0.38,0.8999999999999999,100.0,1,0.38,100.0,DirectRemit (NBD),Bank,bank account,16.666666666666664,3.954999999999999,6.0249999999999995,5.504999999999999
ARELKA,2024_3Q,cc2,ARE,LKA,South Asia,2,5.355,4.896730245231607,0.46,6,4,1.31,0.38,0.5800000000000001,100.0,1,0.38,100.0,DirectRemit (NBD),Bank,bank account,16.666666666666664,4.045,4.9750000000000005,4.775
ARELKA,2024_4Q,cc1,ARE,LKA,South Asia,2,6.035,5.945578231292517,0.09,13,6,2.5,0.28,1.5260000000000002,100.0,1,0.28,100.0,DirectRemit (NBD),Bank,bank account,7.6923076923076925,3.535,5.755,4.509
ARELKA,2024_4Q,cc2,ARE,LKA,South Asia,2,4.984999999999999,4.896730245231607,0.09,13,6,1.36,0.28,0.778,100.0,1,0.28,100.0,DirectRemit (NBD),Bank,bank account,7.6923076923076925,3.624999999999999,4.704999999999999,4.206999999999999
ARELKA,2025_3Q,cc1,ARE,LKA,South Asia,2,5.665,5.662585034013606,0.0,16,8,2.575,0.25,1.49,100.0,1,0.25,100.0,DirectRemit (NBD),Bank,bank account,6.25,3.09,5.415,4.175
ARELKA,2025_3Q,cc2,ARE,LKA,South Asia,2,4.665,4.663215258855585,0.0,16,8,1.2149999999999999,0.25,0.72,100.0,1,0.25,100.0,DirectRemit (NBD),Bank,bank account,6.25,3.45,4.415,3.9450000000000003
ARENPL,2024_3Q,cc1,ARE,NPL,South Asia,2,5.695,5.61156462585034,0.08,15,9,2.95,0.89,1.866,100.0,2,3.77,100.0,GCC Exchange,Money transfer operator,cash,0.0,2.745,4.805000000000001,3.829
ARENPL,2024_3Q,cc2,ARE,NPL,South Asia,2,4.835,4.757220708446866,0.08,15,9,1.63,0.4,0.97,100.0,2,1.63,100.0,GCC Exchange,Money transfer operator,cash,0.0,3.205,4.435,3.865
ARENPL,2024_4Q,cc1,ARE,NPL,South Asia,2,5.875,5.914965986394558,-0.04,15,9,2.93,1.05,1.942,100.0,2,3.85,100.0,GCC Exchange,Money transfer operator,cash,0.0,2.945,4.825,3.933
ARENPL,2024_4Q,cc2,ARE,NPL,South Asia,2,5.025,5.0607629427792915,-0.04,15,9,1.71,0.56,1.046,100.0,2,1.71,100.0,GCC Exchange,Money transfer operator,cash,0.0,3.3150000000000004,4.465,3.979
ARENPL,2025_3Q,cc1,ARE,NPL,South Asia,2,5.915,5.916326530612245,0.0,15,9,2.97,0.94,1.786,100.0,2,4.06,100.0,GCC Exchange,Money transfer operator,cash,0.0,2.945,4.975,4.129
ARENPL,2025_3Q,cc2,ARE,NPL,South Asia,2,5.105,5.10408719346049,0.0,15,9,1.76,0.45,0.89,100.0,2,1.92,100.0,GCC Exchange,Money transfer operator,cash,0.0,3.3450000000000006,4.655,4.215000000000001
AREPAK,2024_3Q,cc1,ARE,PAK,South Asia,2,5.295,5.502040816326531,-0.21,11,7,0.14,0.03,0.04,90.9090909090909,1,0.86,100.0,UBL Tezraftaar Cash,Money transfer operator,cash,80.0,5.155,5.265,5.255
AREPAK,2024_3Q,cc2,ARE,PAK,South Asia,2,4.5649999999999995,4.773024523160763,-0.21,11,7,0.14,0.03,0.04,100.0,1,0.86,100.0,UBL Tezraftaar Cash,Money transfer operator,cash,72.72727272727273,4.425,4.534999999999999,4.5249999999999995
AREPAK,2024_4Q,cc1,ARE,PAK,South Asia,2,5.505,5.502040816326531,0.0,7,5,1.15,0.09,0.162,71.42857142857143,1,1.15,100.0,GCC Exchange,Money transfer operator,cash,80.0,4.355,5.415,5.343
AREPAK,2024_4Q,cc2,ARE,PAK,South Asia,2,4.775,4.773024523160763,0.0,7,5,1.15,0.09,0.162,85.71428571428571,1,1.15,100.0,GCC Exchange,Money transfer operator,cash,66.66666666666666,3.6250000000000004,4.6850000000000005,4.613
AREPAK,2025_3Q,cc1,ARE,PAK,"Middle East, North Africa, Afghanistan & Pakistan",2,5.305,5.165986394557823,0.14,10,7,0.63,0.12,0.49800000000000005,80.0,1,1.05,100.0,GCC Exchange,Money transfer operator,cash,87.5,4.675,5.185,4.8069999999999995
AREPAK,2025_3Q,cc2,ARE,PAK,"Middle East, North Africa, Afghanistan & Pakistan",2,4.609999999999999,4.470299727520436,0.14,10,7,0.63,0.12,0.49800000000000005,90.0,1,1.05,100.0,GCC Exchange,Money transfer operator,cash,77.77777777777779,3.9799999999999995,4.489999999999999,4.111999999999999
AREPHL,2024_3Q,cc1,ARE,PHL,East Asia & Pacific,2,5.695,5.466666666666667,0.23,19,8,3.72,0.73,1.566,100.0,1,0.73,100.0,DirectRemit (NBD),Bank,bank account,5.263157894736842,1.975,4.965,4.1290000000000004
AREPHL,2024_3Q,cc2,ARE,PHL,East Asia & Pacific,2,5.005,4.770844686648501,0.23,19,8,2.0,0.72,0.962,100.0,1,0.73,100.0,Western Union,Money transfer operator,cash,5.263157894736842,3.005,4.285,4.043
AREPHL,2024_4Q,cc1,ARE,PHL,East Asia & Pacific,2,5.645,5.466666666666667,0.18,15,7,2.96,0.86,1.396,100.0,1,0.86,100.0,DirectRemit (NBD),Bank,bank account,6.666666666666667,2.6849999999999996,4.784999999999999,4.249
AREPHL,2024_4Q,cc2,ARE,PHL,East Asia & Pacific,2,4.955,4.770844686648501,0.18,15,7,1.24,0.71,0.83,100.0,1,0.86,100.0,GCC Exchange,Money transfer operator,cash,6.666666666666667,3.715,4.245,4.125
AREPHL,2025_3Q,cc1,ARE,PHL,East Asia & Pacific,2,5.025,5.005442176870748,0.02,19,8,3.43,0.81,1.484,100.0,1,0.81,100.0,DirectRemit (NBD),Bank,bank account,5.263157894736842,1.5950000000000002,4.215,3.5410000000000004
AREPHL,2025_3Q,cc2,ARE,PHL,East Asia & Pacific,2,4.484999999999999,4.463215258855586,0.02,19,8,1.47,0.57,0.77,100.0,1,0.81,100.0,GCC Exchange,Money transfer operator,cash,5.263157894736842,3.0149999999999997,3.9149999999999996,3.7149999999999994
AUSCHN,2024_3Q,cc1,AUS,CHN,East Asia & Pacific,1,4.31,4.285,0.02,8,4,3.06,1.94,2.108,87.5,5,3.06,100.0,Western Union,Money transfer operator,bank account,0.0,1.2499999999999996,2.3699999999999997,2.2019999999999995
AUSCHN,2024_3Q,cc2,AUS,CHN,East Asia & Pacific,1,2.19,2.168,0.02,8,4,2.16,1.19,1.2530000000000001,62.5,5,2.16,80.0,MoneyGram,Money transfer operator,cash,0.0,0.029999999999999805,1.0,0.9369999999999998
AUSCHN,2024_4Q,cc1,AUS,CHN,East Asia & Pacific,1,4.34,4.33,0.01,15,9,3.34,0.65,1.3,80.0,10,3.15,80.0,Orbit Remit,Money transfer operator,mobile wallet,16.666666666666664,1.0,3.69,3.04
AUSCHN,2024_4Q,cc2,AUS,CHN,East Asia & Pacific,1,2.2,2.186,0.01,15,9,2.44,0.65,1.264,46.666666666666664,10,2.44,40.0,Orbit Remit,Money transfer operator,mobile wallet,14.285714285714285,-0.23999999999999977,1.5500000000000003,0.9360000000000002
AUSCHN,2025_1Q,cc1,AUS,CHN,East Asia & Pacific,1,3.2099999999999995,3.2750000000000004,-0.06999999999999999,13,6,3.2099999999999995,0.83,1.8840000000000001,46.15384615384615,7,3.17,57.14285714285714,Orbit Remit,Money transfer operator,mobile wallet,33.33333333333333,0.0,2.3799999999999994,1.3259999999999994
AUSCHN,2025_1Q,cc2,AUS,CHN,East Asia & Pacific,1,1.69,1.762,-0.06999999999999999,13,6,2.88,0.83,1.248,23.076923076923077,7,2.31,14.285714285714285,Orbit Remit,Money transfer operator,mobile wallet,33.33333333333333,-1.19,0.86,0.44199999999999995
AUSCHN,2025_3Q,cc1,AUS,CHN,East Asia & Pacific,1,3.13,3.03,0.1,14,7,3.47,0.67,1.617,35.714285714285715,8,3.795,37.5,Orbit Remit,Money transfer operator,mobile wallet,40.0,-0.3400000000000003,2.46,1.513
AUSCHN,2025_3Q,cc2,AUS,CHN,East Asia & Pacific,1,1.75,1.652,0.1,14,7,2.92,0.67,1.223,28.57142857142857,8,3.095,25.0,Orbit Remit,Money transfer operator,mobile wallet,25.0,-1.17,1.08,0.5269999999999999
AUSIDN,2024_3Q,cc1,AUS,IDN,East Asia & Pacific,1,1.22,1.2,0.02,16,10,3.465,0.7,1.19,12.5,10,3.38,20.0,InstaReM,Money transfer operator,bank account,0.0,-2.245,0.52,0.030000000000000027
AUSIDN,2024_3Q,cc2,AUS,IDN,East Asia & Pacific,1,0.82,0.8019999999999999,0.02,16,10,2.34,0.61,0.77,18.75,10,2.435,20.0,Western Union,Money transfer operator,bank account,0.0,-1.52,0.20999999999999996,0.04999999999999993
AUSIDN,2024_4Q,cc1,AUS,IDN,East Asia & Pacific,1,1.25,1.255,-0.01,19,11,3.32,0.73,1.572,5.263157894736842,11,3.05,9.090909090909092,InstaReM,Money transfer operator,bank account,0.0,-2.07,0.52,-0.32200000000000006
AUSIDN,2024_4Q,cc2,AUS,IDN,East Asia & Pacific,1,0.81,0.8240000000000001,-0.01,19,11,2.36,0.73,0.916,5.263157894736842,11,2.01,9.090909090909092,InstaReM,Money transfer operator,bank account,0.0,-1.5499999999999998,0.08000000000000007,-0.10599999999999998
AUSIDN,2025_1Q,cc1,AUS,IDN,East Asia & Pacific,1,1.26,1.245,0.01,15,10,3.1399999999999997,1.6199999999999999,1.8800000000000001,0.0,10,2.9850000000000003,0.0,Remitly,Money transfer operator,bank account,,-1.8799999999999997,-0.3599999999999999,-0.6200000000000001
AUSIDN,2025_1Q,cc2,AUS,IDN,East Asia & Pacific,1,0.83,0.8240000000000001,0.01,15,10,2.53,1.02,1.31,0.0,10,2.13,0.0,Remitly,Money transfer operator,bank account,,-1.6999999999999997,-0.19000000000000006,-0.4800000000000001
AUSIDN,2025_3Q,cc1,AUS,IDN,East Asia & Pacific,1,1.17,1.15,0.02,18,11,3.1950000000000003,0.7,1.237,11.11111111111111,11,2.87,18.181818181818183,InstaReM,Money transfer operator,bank account,0.0,-2.0250000000000004,0.47,-0.06700000000000017
AUSIDN,2025_3Q,cc2,AUS,IDN,East Asia & Pacific,1,0.79,0.7719999999999999,0.02,18,11,2.265,0.28,0.937,11.11111111111111,11,2.18,18.181818181818183,InstaReM,Money transfer operator,bank account,0.0,-1.475,0.51,-0.14700000000000002
AUSIND,2024_3Q,cc1,AUS,IND,South Asia,1,1.26,1.235,0.02,30,17,3.38,0.81,1.31,3.3333333333333335,17,3.16,5.88235294117647,InstaReM,Money transfer operator,bank account,0.0,-2.12,0.44999999999999996,-0.050000000000000044
AUSIND,2024_3Q,cc2,AUS,IND,South Asia,1,0.84,0.8160000000000001,0.02,30,17,2.1799999999999997,0.78,1.191,3.3333333333333335,17,1.96,5.88235294117647,InstaReM,Money transfer operator,bank account,0.0,-1.3399999999999999,0.05999999999999994,-0.3510000000000001
AUSIND,2024_4Q,cc1,AUS,IND,South Asia,1,1.25,1.23,0.02,34,19,3.275,0.62,1.13,14.705882352941178,19,2.78,26.31578947368421,InstaReM,Money transfer operator,bank account,80.0,-2.025,0.63,0.1200000000000001
AUSIND,2024_4Q,cc2,AUS,IND,South Asia,1,0.83,0.8140000000000002,0.02,34,19,2.04,0.56,0.9390000000000001,8.823529411764707,19,1.78,15.789473684210526,WorldRemit,Money transfer operator,bank account,33.33333333333333,-1.21,0.2699999999999999,-0.1090000000000001
AUSIND,2025_1Q,cc1,AUS,IND,South Asia,1,1.27,1.23,0.04,28,17,3.87,0.33,0.658,21.428571428571427,17,2.29,35.294117647058826,WorldRemit,Money transfer operator,bank account,66.66666666666666,-2.6,0.94,0.612
AUSIND,2025_1Q,cc2,AUS,IND,South Asia,1,0.86,0.8199999999999998,0.04,28,17,2.3649999999999998,0.33,0.53,17.857142857142858,17,1.69,29.411764705882355,WorldRemit,Money transfer operator,bank account,60.0,-1.505,0.53,0.32999999999999996
AUSIND,2025_3Q,cc1,AUS,IND,South Asia,1,1.08,1.03,0.05,34,21,3.84,0.54,0.7640000000000001,14.705882352941178,20,2.54,25.0,Orbit Remit,Money transfer operator,bank account,60.0,-2.76,0.54,0.31599999999999995
AUSIND,2025_3Q,cc2,AUS,IND,South Asia,1,0.77,0.722,0.05,34,21,2.565,0.45,0.625,14.705882352941178,20,1.835,25.0,WorldRemit,Money transfer operator,bank account,60.0,-1.795,0.32,0.14500000000000002
AUSLKA,2024_3Q,cc1,AUS,LKA,South Asia,1,2.58,2.49,0.09,20,8,4.0,1.34,2.751,5.0,6,4.234999999999999,16.666666666666664,Western Union,Money transfer operator,bank account,0.0,-1.42,1.24,-0.17099999999999982
AUSLKA,2024_3Q,cc2,AUS,LKA,South Asia,1,1.49,1.396,0.09,20,8,2.49,1.04,1.5690000000000002,5.0,6,2.77,16.666666666666664,Western Union,Money transfer operator,bank account,0.0,-1.0000000000000002,0.44999999999999996,-0.07900000000000018
AUSLKA,2024_4Q,cc1,AUS,LKA,South Asia,1,2.41,2.37,0.04,22,9,4.675,1.87,2.5500000000000003,4.545454545454546,7,4.6,14.285714285714285,Western Union,Money transfer operator,bank account,0.0,-2.2649999999999997,0.54,-0.14000000000000012
AUSLKA,2024_4Q,cc2,AUS,LKA,South Asia,1,1.31,1.272,0.04,22,9,2.505,1.04,1.453,4.545454545454546,7,2.7,0.0,MoneyGram,Money transfer operator,cash,0.0,-1.1949999999999998,0.27,-0.14300000000000002
AUSLKA,2025_1Q,cc1,AUS,LKA,South Asia,1,2.41,2.375,0.03,21,9,3.7600000000000002,1.11,1.9900000000000002,14.285714285714285,7,2.6100000000000003,42.857142857142854,Remitly,Money transfer operator,bank account,0.0,-1.35,1.3,0.41999999999999993
AUSLKA,2025_1Q,cc2,AUS,LKA,South Asia,1,1.3,1.272,0.03,21,9,2.0500000000000003,0.8099999999999999,1.49,9.523809523809524,7,2.01,28.57142857142857,Remitly,Money transfer operator,bank account,0.0,-0.7500000000000002,0.4900000000000001,-0.18999999999999995
AUSLKA,2025_3Q,cc1,AUS,LKA,South Asia,1,2.18,2.17,0.01,22,10,3.045,1.0,1.546,18.181818181818183,8,2.0700000000000003,50.0,InstaReM,Money transfer operator,bank account,0.0,-0.8649999999999998,1.1800000000000002,0.6340000000000001
AUSLKA,2025_3Q,cc2,AUS,LKA,South Asia,1,1.19,1.178,0.01,22,10,1.91,0.74,1.03,13.636363636363635,8,1.62,37.5,Remitly,Money transfer operator,bank account,0.0,-0.72,0.44999999999999996,0.15999999999999992
AUSMYS,2024_3Q,cc1,AUS,MYS,East Asia & Pacific,3,1.4,1.385,0.01,19,7,5.18,0.97,2.144,5.263157894736842,9,2.31,11.11111111111111,InstaReM,Money transfer operator,bank account,0.0,-3.78,0.42999999999999994,-0.7440000000000002
AUSMYS,2024_3Q,cc2,AUS,MYS,East Asia & Pacific,3,1.05,1.044,0.01,19,7,3.68,0.97,1.3639999999999999,5.263157894736842,9,1.41,11.11111111111111,InstaReM,Money transfer operator,bank account,0.0,-2.63,0.08000000000000007,-0.31399999999999983
AUSMYS,2024_4Q,cc1,AUS,MYS,East Asia & Pacific,3,1.31,1.395,-0.09,20,8,4.585,0.98,2.035,5.0,10,2.815,10.0,InstaReM,Money transfer operator,bank account,0.0,-3.275,0.33000000000000007,-0.7250000000000001
AUSMYS,2024_4Q,cc2,AUS,MYS,East Asia & Pacific,3,0.96,1.048,-0.09,20,8,3.09,0.98,1.207,0.0,10,1.7650000000000001,0.0,InstaReM,Money transfer operator,bank account,,-2.13,-0.020000000000000018,-0.2470000000000001
AUSMYS,2025_1Q,cc1,AUS,MYS,East Asia & Pacific,3,1.4200000000000002,1.39,0.03,19,7,3.8899999999999997,2.32,2.34,0.0,9,2.94,0.0,WorldRemit,Money transfer operator,bank account,,-2.4699999999999998,-0.8999999999999997,-0.9199999999999997
AUSMYS,2025_1Q,cc2,AUS,MYS,East Asia & Pacific,3,1.08,1.046,0.03,19,7,3.02,1.4200000000000002,1.44,0.0,9,2.17,0.0,WorldRemit,Money transfer operator,bank account,,-1.94,-0.3400000000000001,-0.3599999999999999
AUSMYS,2025_3Q,cc1,AUS,MYS,East Asia & Pacific,3,1.13,1.11,0.02,17,8,3.6,0.8,2.124,5.88235294117647,10,2.49,10.0,InstaReM,Money transfer operator,bank account,0.0,-2.47,0.32999999999999985,-0.9940000000000002
AUSMYS,2025_3Q,cc2,AUS,MYS,East Asia & Pacific,3,0.89,0.874,0.02,17,8,2.66,0.8,1.3439999999999999,5.88235294117647,10,1.89,10.0,InstaReM,Money transfer operator,bank account,0.0,-1.77,0.08999999999999997,-0.45399999999999985
AUSPAK,2024_3Q,cc1,AUS,PAK,South Asia,1,1.4,1.595,-0.2,23,8,1.63,0.87,1.122,17.391304347826086,4,1.63,0.0,WorldRemit,Money transfer operator,cash,100.0,-0.22999999999999998,0.5299999999999999,0.2779999999999998
AUSPAK,2024_3Q,cc2,AUS,PAK,South Asia,1,0.81,1.014,-0.2,23,8,1.54,0.51,0.51,26.08695652173913,4,0.51,75.0,Remitly,Money transfer operator,cash,100.0,-0.73,0.30000000000000004,0.30000000000000004
AUSPAK,2024_4Q,cc1,AUS,PAK,South Asia,1,1.54,1.6,-0.06,24,8,1.75,0.32,1.116,20.833333333333336,4,1.75,0.0,Aussie Forex & Finance,Money transfer operator,cash,100.0,-0.20999999999999996,1.22,0.42399999999999993
AUSPAK,2024_4Q,cc2,AUS,PAK,South Asia,1,1.1,1.01,0.09,24,8,1.35,0.15,0.4130000000000001,37.5,4,0.63,75.0,Sydney Forex Pty Ltd,Money transfer operator,cash,100.0,-0.25,0.9500000000000001,0.687
AUSPAK,2025_1Q,cc1,AUS,PAK,South Asia,1,1.6500000000000001,1.585,0.06,19,7,1.8900000000000001,0.05,0.252,26.31578947368421,4,1.8900000000000001,0.0,Sydney Forex Pty Ltd,Money transfer operator,cash,100.0,-0.24,1.6,1.3980000000000001
AUSPAK,2025_1Q,cc2,AUS,PAK,South Asia,1,1.0699999999999998,1.008,0.06,19,7,0.77,0.05,0.252,57.89473684210527,4,0.77,75.0,Sydney Forex Pty Ltd,Money transfer operator,cash,100.0,0.2999999999999998,1.0199999999999998,0.8179999999999998
AUSPAK,2025_3Q,cc1,AUS,PAK,"Middle East, North Africa, Afghanistan & Pakistan",1,1.51,1.38,0.13,18,7,1.915,0.77,0.95,38.88888888888889,4,1.03,75.0,Remitly,Money transfer operator,bank account,57.14285714285714,-0.405,0.74,0.56
AUSPAK,2025_3Q,cc2,AUS,PAK,"Middle East, North Africa, Afghanistan & Pakistan",1,1.05,0.9159999999999999,0.13,18,7,0.95,0.08,0.28,55.55555555555556,4,0.53,75.0,Aussie Forex & Finance,Money transfer operator,cash,100.0,0.10000000000000009,0.9700000000000001,0.77
AUSPHL,2024_3Q,cc1,AUS,PHL,East Asia & Pacific,1,1.58,1.525,0.05,27,12,3.65,0.73,1.956,7.4074074074074066,6,2.5,16.666666666666664,InstaReM,Money transfer operator,bank account,0.0,-2.07,0.8500000000000001,-0.3759999999999999
AUSPHL,2024_3Q,cc2,AUS,PHL,East Asia & Pacific,1,1.05,0.9980000000000001,0.05,27,12,2.85,0.73,1.788,3.7037037037037033,6,2.335,16.666666666666664,InstaReM,Money transfer operator,bank account,0.0,-1.8,0.32000000000000006,-0.738
AUSPHL,2024_4Q,cc1,AUS,PHL,East Asia & Pacific,1,1.54,1.515,0.02,31,13,3.49,0.81,2.18,6.451612903225806,6,2.645,16.666666666666664,InstaReM,Money transfer operator,bank account,0.0,-1.9500000000000002,0.73,-0.6400000000000001
AUSPHL,2024_4Q,cc2,AUS,PHL,East Asia & Pacific,1,1.01,0.9939999999999999,0.02,31,13,2.66,0.81,1.63,6.451612903225806,6,2.15,16.666666666666664,InstaReM,Money transfer operator,bank account,0.0,-1.6500000000000001,0.19999999999999996,-0.6199999999999999
AUSPHL,2025_1Q,cc1,AUS,PHL,East Asia & Pacific,1,1.25,1.24,0.01,27,13,3.5999999999999996,0.84,2.198,3.7037037037037033,6,2.665,16.666666666666664,InstaReM,Money transfer operator,bank account,0.0,-2.3499999999999996,0.41000000000000003,-0.948
AUSPHL,2025_1Q,cc2,AUS,PHL,East Asia & Pacific,1,0.8999999999999999,0.886,0.01,27,13,2.77,0.84,1.6320000000000001,3.7037037037037033,6,2.0199999999999996,16.666666666666664,InstaReM,Money transfer operator,bank account,0.0,-1.87,0.05999999999999994,-0.7320000000000002
AUSPHL,2025_3Q,cc1,AUS,PHL,East Asia & Pacific,1,1.05,1.04,0.01,27,13,3.03,0.76,1.268,7.4074074074074066,6,1.75,16.666666666666664,InstaReM,Money transfer operator,bank account,0.0,-1.9799999999999998,0.29000000000000004,-0.21799999999999997
AUSPHL,2025_3Q,cc2,AUS,PHL,East Asia & Pacific,1,0.8,0.792,0.01,27,13,2.16,0.42,0.8019999999999999,11.11111111111111,6,1.685,16.666666666666664,MoneyGram,Money transfer operator,mobile wallet,0.0,-1.36,0.38000000000000006,-0.0019999999999998908
AUSTHA,2024_3Q,cc1,AUS,THA,East Asia & Pacific,1,1.63,1.585,0.04,18,8,4.390000000000001,1.58,1.5870000000000002,16.666666666666664,9,3.45,33.33333333333333,WorldRemit,Money transfer operator,bank account,100.0,-2.7600000000000007,0.04999999999999982,0.042999999999999705
AUSTHA,2024_3Q,cc2,AUS,THA,East Asia & Pacific,1,0.95,0.906,0.04,18,8,3.575,1.58,1.5870000000000002,0.0,9,2.72,0.0,WorldRemit,Money transfer operator,bank account,,-2.625,-0.6300000000000001,-0.6370000000000002
AUSTHA,2024_4Q,cc1,AUS,THA,East Asia & Pacific,1,1.74,1.745,-0.01,19,8,4.82,1.44,1.648,15.789473684210526,9,3.32,33.33333333333333,WorldRemit,Money transfer operator,bank account,100.0,-3.08,0.30000000000000004,0.09200000000000008
AUSTHA,2024_4Q,cc2,AUS,THA,East Asia & Pacific,1,1.06,1.0739999999999998,-0.01,19,8,2.92,1.44,1.648,0.0,9,2.72,0.0,WorldRemit,Money transfer operator,bank account,,-1.8599999999999999,-0.3799999999999999,-0.5879999999999999
AUSTHA,2025_1Q,cc1,AUS,THA,East Asia & Pacific,1,1.77,1.745,0.02,19,8,4.75,1.55,1.686,15.789473684210526,9,3.29,33.33333333333333,WorldRemit,Money transfer operator,bank account,100.0,-2.98,0.21999999999999997,0.08400000000000007
AUSTHA,2025_1Q,cc2,AUS,THA,East Asia & Pacific,1,1.0999999999999999,1.076,0.02,19,8,3.0300000000000002,1.55,1.686,0.0,9,2.69,0.0,WorldRemit,Money transfer operator,bank account,,-1.9300000000000004,-0.4500000000000002,-0.5860000000000001
AUSTHA,2025_3Q,cc1,AUS,THA,East Asia & Pacific,1,1.6,1.545,0.05,18,8,3.68,1.52,1.54,16.666666666666664,9,3.55,33.33333333333333,WorldRemit,Money transfer operator,bank account,100.0,-2.08,0.08000000000000007,0.06000000000000005
AUSTHA,2025_3Q,cc2,AUS,THA,East Asia & Pacific,1,1.03,0.9820000000000001,0.05,18,8,3.165,1.42,1.534,0.0,9,2.78,0.0,MoneyGram,Money transfer operator,cash,,-2.135,-0.3899999999999999,-0.504
AUSVNM,2024_3Q,cc1,AUS,VNM,East Asia & Pacific,1,2.07,2.055,0.01,17,9,4.06,1.33,2.322,11.76470588235294,6,3.8,33.33333333333333,InstaReM,Money transfer operator,bank account,0.0,-1.9899999999999998,0.7399999999999998,-0.2520000000000002
AUSVNM,2024_3Q,cc2,AUS,VNM,East Asia & Pacific,1,1.32,1.312,0.01,17,9,2.96,1.25,1.502,11.76470588235294,6,2.9,16.666666666666664,InstaReM,Money transfer operator,bank account,0.0,-1.64,0.07000000000000006,-0.18199999999999994
AUSVNM,2024_4Q,cc1,AUS,VNM,East Asia & Pacific,1,2.02,2.03,-0.01,19,10,4.28,1.34,2.372,5.263157894736842,6,3.87,16.666666666666664,InstaReM,Money transfer operator,bank account,0.0,-2.2600000000000002,0.6799999999999999,-0.35199999999999987
AUSVNM,2024_4Q,cc2,AUS,VNM,East Asia & Pacific,1,1.29,1.302,-0.01,19,10,2.77,1.2,1.456,10.526315789473683,6,2.97,16.666666666666664,MoneyGram,Money transfer operator,cash,0.0,-1.48,0.09000000000000008,-0.16599999999999993
AUSVNM,2025_1Q,cc1,AUS,VNM,East Asia & Pacific,1,1.9,1.86,0.04,17,9,4.3,2.42,2.676,0.0,5,4.3,0.0,Western Union,Money transfer operator,bank account,,-2.4,-0.52,-0.7760000000000002
AUSVNM,2025_1Q,cc2,AUS,VNM,East Asia & Pacific,1,1.15,1.1119999999999999,0.04,17,9,3.34,1.5,2.024,0.0,5,3.4000000000000004,0.0,MoneyGram,Money transfer operator,cash,,-2.19,-0.3500000000000001,-0.8740000000000001
AUSVNM,2025_3Q,cc1,AUS,VNM,East Asia & Pacific,1,1.66,1.6500000000000001,0.01,16,9,4.055,0.59,2.5,6.25,5,4.07,0.0,Orbit Remit,Money transfer operator,cash,100.0,-2.3949999999999996,1.0699999999999998,-0.8400000000000001
AUSVNM,2025_3Q,cc2,AUS,VNM,East Asia & Pacific,1,1.03,1.0199999999999998,0.01,16,9,3.205,0.59,1.94,6.25,5,3.47,0.0,Orbit Remit,Money transfer operator,cash,100.0,-2.175,0.44000000000000006,-0.9099999999999999
AUTHRV,2024_3Q,cc1,AUT,HRV,..,1,1.21,1.2142857142857142,0.0,20,6,2.85,0.0,0.0,15.0,7,2.14,42.857142857142854,TransferGo,Money transfer operator,bank account,100.0,-1.6400000000000001,1.21,1.21
AUTHRV,2024_3Q,cc2,AUT,HRV,..,1,0.74,0.744927536231884,0.0,20,6,1.74,0.0,0.0,20.0,7,0.87,42.857142857142854,TransferGo,Money transfer operator,bank account,75.0,-1.0,0.74,0.74
AUTHRV,2024_4Q,cc1,AUT,HRV,..,1,0.68,0.6785714285714286,0.0,20,6,2.815,0.0,0.0,25.0,7,0.71,28.57142857142857,Western Union,Money transfer operator,cash,80.0,-2.135,0.68,0.68
AUTHRV,2024_4Q,cc2,AUT,HRV,..,1,0.28,0.27536231884057966,0.0,20,6,1.16,0.0,0.27899999999999997,10.0,7,0.29,28.57142857142857,Western Union,Money transfer operator,bank account,50.0,-0.8799999999999999,0.28,0.0010000000000000564
AUTHRV,2025_1Q,cc1,AUT,HRV,..,1,0.6799999999999999,0.6785714285714286,0.0,20,6,2.85,1.1900000000000002,1.1900000000000002,0.0,7,2.1399999999999997,0.0,TransferGo,Money transfer operator,bank account,,-2.17,-0.5100000000000002,-0.5100000000000002
AUTHRV,2025_1Q,cc2,AUT,HRV,..,1,0.27999999999999997,0.27536231884057966,0.0,20,6,1.7399999999999998,0.22,0.22,15.0,7,0.8699999999999999,42.857142857142854,TransferGo,Money transfer operator,bank account,0.0,-1.4599999999999997,0.05999999999999997,0.05999999999999997
AUTHRV,2025_3Q,cc1,AUT,HRV,..,1,0.68,0.6785714285714286,0.0,19,7,2.85,0.0,1.41,5.263157894736842,9,3.57,11.11111111111111,TransferGo,Money transfer operator,bank account,100.0,-2.17,0.68,-0.7299999999999999
AUTHRV,2025_3Q,cc2,AUT,HRV,..,1,0.28,0.27536231884057966,0.0,19,7,1.45,0.0,0.8200000000000001,5.263157894736842,9,1.45,11.11111111111111,TransferGo,Money transfer operator,bank account,100.0,-1.17,0.28,-0.54
AUTHUN,2024_3Q,cc1,AUT,HUN,Europe & Central Asia,1,1.83,1.8285714285714287,0.0,16,6,5.38,0.87,1.005,25.0,7,3.96,42.857142857142854,TransferGo,Money transfer operator,bank account,50.0,-3.55,0.9600000000000001,0.8250000000000002
AUTHUN,2024_3Q,cc2,AUT,HUN,Europe & Central Asia,1,1.28,1.2840579710144926,0.0,16,6,2.8600000000000003,0.56,0.7949999999999999,31.25,7,2.27,42.857142857142854,Erste Bank,Bank,bank account,40.0,-1.5800000000000003,0.72,0.4850000000000001
AUTHUN,2024_4Q,cc1,AUT,HUN,Europe & Central Asia,1,1.81,1.8142857142857145,0.0,16,6,3.89,1.13,1.13,25.0,7,1.93,42.857142857142854,TransferGo,Money transfer operator,bank account,0.0,-2.08,0.6800000000000002,0.6800000000000002
AUTHUN,2024_4Q,cc2,AUT,HUN,Europe & Central Asia,1,1.13,1.1304347826086958,0.0,16,6,2.2,0.6,0.71,25.0,7,1.93,42.857142857142854,Erste Bank,Bank,bank account,0.0,-1.0700000000000003,0.5299999999999999,0.41999999999999993
AUTHUN,2025_1Q,cc1,AUT,HUN,Europe & Central Asia,1,1.52,1.4928571428571429,0.03,16,6,4.285,1.0999999999999999,1.1900000000000002,25.0,7,4.05,42.857142857142854,TransferGo,Money transfer operator,bank account,75.0,-2.765,0.42000000000000015,0.32999999999999985
AUTHUN,2025_1Q,cc2,AUT,HUN,Europe & Central Asia,1,1.16,1.1304347826086958,0.03,16,6,2.8049999999999997,0.6,1.1149999999999998,18.75,7,2.36,14.285714285714285,Erste Bank,Bank,bank account,33.33333333333333,-1.6449999999999998,0.5599999999999999,0.04500000000000015
AUTHUN,2025_3Q,cc1,AUT,HUN,Europe & Central Asia,1,1.26,1.2428571428571429,0.02,18,7,3.97,0.83,1.14,16.666666666666664,11,3.92,27.27272727272727,TransferGo,Money transfer operator,bank account,100.0,-2.71,0.43000000000000005,0.1200000000000001
AUTHUN,2025_3Q,cc2,AUT,HUN,Europe & Central Asia,1,0.9,0.8811594202898552,0.02,18,7,2.28,0.62,1.04,11.11111111111111,11,2.28,9.090909090909092,Erste Bank,Bank,bank account,50.0,-1.38,0.28,-0.14
AUTKSV,2024_3Q,cc1,AUT,KSV,Europe & Central Asia,1,0.68,0.6785714285714286,0.0,18,6,4.275,0.0,1.0220000000000002,11.11111111111111,3,0.0,66.66666666666666,TransferGo,Money transfer operator,bank account,100.0,-3.595,0.68,-0.3420000000000002
AUTKSV,2024_3Q,cc2,AUT,KSV,Europe & Central Asia,1,0.28,0.27536231884057966,0.0,18,6,2.105,0.0,0.7280000000000002,11.11111111111111,3,0.0,66.66666666666666,TransferGo,Money transfer operator,bank account,100.0,-1.825,0.28,-0.4480000000000002
AUTKSV,2024_4Q,cc1,AUT,KSV,Europe & Central Asia,1,4.45,4.45,0.0,18,6,3.92,0.0,0.0,50.0,3,0.71,100.0,Western Union,Money transfer operator,cash,33.33333333333333,0.5300000000000002,4.45,4.45
AUTKSV,2024_4Q,cc2,AUT,KSV,Europe & Central Asia,1,1.81,1.8057971014492753,0.0,18,6,1.8399999999999999,0.29,0.29,50.0,3,0.29,100.0,TransferGo,Money transfer operator,bank account,0.0,-0.029999999999999805,1.52,1.52
AUTKSV,2025_1Q,cc1,AUT,KSV,Europe & Central Asia,1,4.45,4.45,0.0,18,6,3.92,0.0,0.0,50.0,3,2.79,100.0,Western Union,Money transfer operator,cash,33.33333333333333,0.5300000000000002,4.45,4.45
AUTKSV,2025_1Q,cc2,AUT,KSV,Europe & Central Asia,1,1.81,1.8057971014492753,0.0,18,6,2.17,0.29,0.86,38.88888888888889,3,1.82,33.33333333333333,TransferGo,Money transfer operator,bank account,0.0,-0.3599999999999999,1.52,0.9500000000000001
AUTKSV,2025_3Q,cc1,AUT,KSV,Europe & Central Asia,3,5.92,5.921428571428571,0.0,17,6,2.85,0.0,1.41,88.23529411764706,3,1.41,100.0,TransferGo,Money transfer operator,bank account,6.666666666666667,3.07,5.92,4.51
AUTKSV,2025_3Q,cc2,AUT,KSV,Europe & Central Asia,3,2.88,2.8753623188405797,0.0,17,6,1.74,0.0,0.99,94.11764705882352,3,0.99,100.0,TransferGo,Money transfer operator,bank account,6.25,1.14,2.88,1.89
AUTTUR,2024_3Q,cc1,AUT,TUR,Europe & Central Asia,3,5.63,5.628571428571429,0.0,24,8,3.93,3.17,3.17,75.0,8,3.635,100.0,Remitly,Money transfer operator,bank account,16.666666666666664,1.6999999999999997,2.46,2.46
AUTTUR,2024_3Q,cc2,AUT,TUR,Europe & Central Asia,3,2.82,2.820289855072464,0.0,24,8,2.395,1.45,1.9,58.333333333333336,8,2.685,50.0,Denizbank AG,Bank,bank account,0.0,0.4249999999999998,1.3699999999999999,0.9199999999999999
AUTTUR,2024_4Q,cc1,AUT,TUR,Europe & Central Asia,3,5.64,5.642857142857143,0.0,25,9,3.59,0.56,0.77,88.0,8,3.25,100.0,Western Union,Money transfer operator,bank account,31.818181818181817,2.05,5.08,4.869999999999999
AUTTUR,2024_4Q,cc2,AUT,TUR,Europe & Central Asia,3,2.83,2.8289855072463768,0.0,25,9,2.32,0.06,0.77,60.0,8,1.98,75.0,Western Union,Money transfer operator,bank account,33.33333333333333,0.5100000000000002,2.77,2.06
AUTTUR,2025_1Q,cc1,AUT,TUR,Europe & Central Asia,3,6.0600000000000005,6.021428571428571,0.04,24,8,3.9899999999999998,1.29,2.2720000000000002,79.16666666666666,8,3.1399999999999997,100.0,TransferGo,Money transfer operator,bank account,15.789473684210526,2.0700000000000007,4.7700000000000005,3.7880000000000003
AUTTUR,2025_1Q,cc2,AUT,TUR,Europe & Central Asia,3,3.25,3.211594202898551,0.04,24,8,2.3,0.9199999999999999,1.5760000000000003,75.0,8,1.87,100.0,TransferGo,Money transfer operator,bank account,16.666666666666664,0.9500000000000002,2.33,1.6739999999999997
AUTTUR,2025_3Q,cc1,AUT,TUR,Europe & Central Asia,3,5.96,5.942857142857143,0.05,33,9,3.35,0.54,2.0,84.84848484848484,14,2.14,100.0,TransferGo,Money transfer operator,bank account,10.714285714285714,2.61,5.42,3.96
AUTTUR,2025_3Q,cc2,AUT,TUR,Europe & Central Asia,3,3.16,3.1420289855072463,0.05,33,9,1.66,0.49,1.16,78.78787878787878,14,1.45,100.0,TransferGo,Money transfer operator,bank account,11.538461538461538,1.5000000000000002,2.67,2.0
BELMAR,2024_3Q,cc1,BEL,MAR,Middle East & North Africa,1,5.37,5.328571428571428,0.04,32,10,3.89,1.11,3.03,81.25,5,3.69,100.0,MoneyGram,Money transfer operator,bank account,7.6923076923076925,1.48,4.26,2.3400000000000003
BELMAR,2024_3Q,cc2,BEL,MAR,Middle East & North Africa,1,3.66,3.6492753623188405,0.01,32,10,2.7800000000000002,1.11,1.562,75.0,5,2.85,100.0,MoneyGram,Money transfer operator,bank account,16.666666666666664,0.8799999999999999,2.55,2.098
BELMAR,2024_4Q,cc1,BEL,MAR,Middle East & North Africa,1,5.05,4.921428571428571,0.13,24,9,4.03,3.16,3.275,75.0,2,3.16,100.0,MoneyGram,Money transfer operator,bank account,11.11111111111111,1.0199999999999996,1.8899999999999997,1.775
BELMAR,2024_4Q,cc2,BEL,MAR,Middle East & North Africa,1,3.45,3.321739130434783,0.13,24,9,3.175,1.03,1.78,62.5,2,3.16,100.0,Remitly,Money transfer operator,cash,33.33333333333333,0.27500000000000036,2.42,1.6700000000000002
BELMAR,2025_1Q,cc1,BEL,MAR,Middle East & North Africa,1,4.89,4.892857142857142,0.0,27,9,4.2299999999999995,2.15,2.834,66.66666666666666,5,3.5999999999999996,100.0,MoneyGram,Money transfer operator,bank account,11.11111111111111,0.6600000000000001,2.7399999999999998,2.0559999999999996
BELMAR,2025_1Q,cc2,BEL,MAR,Middle East & North Africa,1,3.2,3.197101449275362,0.0,27,9,3.08,1.01,2.038,51.85185185185185,5,2.76,100.0,Remitly,Money transfer operator,cash,35.714285714285715,0.1200000000000001,2.1900000000000004,1.1620000000000004
BELMAR,2025_3Q,cc1,BEL,MAR,"Middle East, North Africa, Afghanistan & Pakistan",1,4.92,4.9,0.02,21,9,3.69,1.18,2.15,76.19047619047619,5,3.69,100.0,MoneyGram,Money transfer operator,bank account,12.5,1.23,3.74,2.77
BELMAR,2025_3Q,cc2,BEL,MAR,"Middle East, North Africa, Afghanistan & Pakistan",1,3.22,3.197101449275362,0.02,21,9,2.85,1.08,1.65,71.42857142857143,5,2.85,100.0,MoneyGram,Money transfer operator,cash,0.0,0.3700000000000001,2.14,1.5700000000000003
BELTUR,2024_3Q,cc1,BEL,TUR,Europe & Central Asia,1,5.67,5.671428571428572,0.0,26,8,4.335,2.86,3.0700000000000003,61.53846153846154,3,3.65,100.0,MoneyTrans,Mixed / multiple types,cash,0.0,1.335,2.81,2.5999999999999996
BELTUR,2024_3Q,cc2,BEL,TUR,Europe & Central Asia,1,2.81,2.8144927536231887,0.0,26,8,3.51,1.95,2.08,26.923076923076923,3,2.81,0.0,Remitly,Money transfer operator,cash,0.0,-0.6999999999999997,0.8600000000000001,0.73
BELTUR,2024_4Q,cc1,BEL,TUR,Europe & Central Asia,1,5.14,5.135714285714286,0.0,24,8,4.085,0.12,0.12,66.66666666666666,3,0.12,100.0,Western Union,Money transfer operator,cash,37.5,1.0549999999999997,5.02,5.02
BELTUR,2024_4Q,cc2,BEL,TUR,Europe & Central Asia,1,2.34,2.344927536231884,0.0,24,8,3.21,0.12,0.12,45.83333333333333,3,0.12,100.0,Western Union,Money transfer operator,cash,54.54545454545454,-0.8700000000000001,2.2199999999999998,2.2199999999999998
BELTUR,2025_1Q,cc1,BEL,TUR,Europe & Central Asia,1,5.07,5.157142857142857,-0.09,21,7,4.279999999999999,2.69,2.69,61.904761904761905,3,2.69,100.0,Western Union,Money transfer operator,bank account,0.0,0.7900000000000009,2.3800000000000003,2.3800000000000003
BELTUR,2025_1Q,cc2,BEL,TUR,Europe & Central Asia,1,2.26,2.353623188405797,-0.09,21,7,3.7699999999999996,1.8499999999999999,1.8499999999999999,33.33333333333333,3,1.8499999999999999,100.0,Western Union,Money transfer operator,bank account,0.0,-1.5099999999999998,0.4099999999999999,0.4099999999999999
BELTUR,2025_3Q,cc1,BEL,TUR,Europe & Central Asia,1,5.2,5.1499999999999995,0.05,20,7,4.06,2.05,2.572,75.0,3,2.63,100.0,Remitly,Money transfer operator,cash,0.0,1.1400000000000006,3.1500000000000004,2.628
BELTUR,2025_3Q,cc2,BEL,TUR,Europe & Central Asia,1,2.4,2.350724637681159,0.05,20,7,2.37,1.21,1.7320000000000002,60.0,3,1.79,100.0,Remitly,Money transfer operator,cash,0.0,0.029999999999999805,1.19,0.6679999999999997
CANGHA,2025_3Q,cc1,CAN,GHA,Sub-Saharan Africa,1,3.2,3.0,0.2,16,6,6.015,2.1,3.63,12.5,1,2.1,100.0,Royal Bank of Canada,Bank,bank account,100.0,-2.8149999999999995,1.1,-0.4299999999999997
CANGHA,2025_3Q,cc2,CAN,GHA,Sub-Saharan Africa,1,2.25,2.056,0.19,16,6,4.725,2.1,2.88,6.25,1,2.1,100.0,Royal Bank of Canada,Bank,bank account,100.0,-2.4749999999999996,0.1499999999999999,-0.6299999999999999
CANKEN,2024_3Q,cc1,CAN,KEN,Sub-Saharan Africa,1,2.76,2.715,0.04,26,7,7.285,2.2,3.95,3.8461538461538463,2,6.535,50.0,Royal Bank of Canada,Bank,bank account,100.0,-4.525,0.5599999999999996,-1.1900000000000004
CANKEN,2024_3Q,cc2,CAN,KEN,Sub-Saharan Africa,1,1.82,1.7839999999999998,0.04,26,7,4.975,2.2,3.6500000000000004,0.0,2,5.585000000000001,0.0,Royal Bank of Canada,Bank,bank account,,-3.1549999999999994,-0.3800000000000001,-1.8300000000000003
CANKEN,2024_4Q,cc1,CAN,KEN,Sub-Saharan Africa,1,2.73,2.71,0.02,26,7,7.56,2.31,4.21,3.8461538461538463,2,6.175,50.0,Royal Bank of Canada,Bank,bank account,100.0,-4.83,0.41999999999999993,-1.48
CANKEN,2024_4Q,cc2,CAN,KEN,Sub-Saharan Africa,1,1.8,1.78,0.02,26,7,5.26,2.31,3.81,0.0,2,5.2250000000000005,0.0,Royal Bank of Canada,Bank,bank account,,-3.46,-0.51,-2.01
CANKEN,2025_1Q,cc1,CAN,KEN,Sub-Saharan Africa,1,2.86,2.71,0.15,24,7,7.37,2.17,4.064,4.166666666666666,2,6.09,50.0,Royal Bank of Canada,Bank,bank account,100.0,-4.51,0.69,-1.2040000000000002
CANKEN,2025_1Q,cc2,CAN,KEN,Sub-Saharan Africa,1,1.9300000000000002,1.7819999999999998,0.15,24,7,5.51,2.17,3.59,0.0,2,5.140000000000001,0.0,Royal Bank of Canada,Bank,bank account,,-3.5799999999999996,-0.23999999999999977,-1.6599999999999997
CANKEN,2025_3Q,cc1,CAN,KEN,Sub-Saharan Africa,1,3.35,3.3549999999999995,0.0,20,8,5.27,0.86,0.86,35.0,2,4.445,50.0,WorldRemit,Money transfer operator,mobile wallet,100.0,-1.9199999999999995,2.49,2.49
CANKEN,2025_3Q,cc2,CAN,KEN,Sub-Saharan Africa,1,2.22,2.2239999999999998,0.0,20,8,4.21,0.86,0.86,25.0,2,4.445,50.0,WorldRemit,Money transfer operator,mobile wallet,100.0,-1.9899999999999998,1.3600000000000003,1.3600000000000003
CANLKA,2024_3Q,cc1,CAN,LKA,South Asia,1,2.65,2.565,0.08,11,4,5.24,4.12,4.92,0.0,0,,,Ria,Money transfer operator,cash,,-2.5900000000000003,-1.4700000000000002,-2.27
CANLKA,2024_3Q,cc2,CAN,LKA,South Asia,1,1.38,1.298,0.08,11,4,4.07,2.65,3.12,0.0,0,,,Ria,Money transfer operator,cash,,-2.6900000000000004,-1.27,-1.7400000000000002
CANLKA,2024_4Q,cc1,CAN,LKA,South Asia,1,2.74,2.72,0.02,11,4,5.73,4.6,5.27,0.0,0,,,Ria,Money transfer operator,cash,,-2.99,-1.8599999999999994,-2.5299999999999994
CANLKA,2024_4Q,cc2,CAN,LKA,South Asia,1,1.48,1.456,0.02,11,4,4.27,3.13,3.47,0.0,0,,,Ria,Money transfer operator,cash,,-2.7899999999999996,-1.65,-1.9900000000000002
CANLKA,2025_1Q,cc1,CAN,LKA,South Asia,1,2.91,2.875,0.03,11,4,5.64,4.19,4.8,0.0,0,,,Ria,Money transfer operator,cash,,-2.7299999999999995,-1.2800000000000002,-1.8899999999999997
CANLKA,2025_1Q,cc2,CAN,LKA,South Asia,1,1.73,1.702,0.03,11,4,4.14,2.7199999999999998,3.0,0.0,0,,,Ria,Money transfer operator,cash,,-2.4099999999999997,-0.9899999999999998,-1.27
CANLKA,2025_3Q,cc1,CAN,LKA,South Asia,1,2.88,2.875,0.0,6,3,6.055,4.37,4.895,0.0,0,,,Ria,Money transfer operator,cash,,-3.175,-1.4900000000000002,-2.0149999999999997
CANLKA,2025_3Q,cc2,CAN,LKA,South Asia,1,1.7,1.702,0.0,6,3,4.46,2.9,3.255,0.0,0,,,Ria,Money transfer operator,cash,,-2.76,-1.2,-1.555
CANPAK,2024_3Q,cc1,CAN,PAK,South Asia,1,2.01,2.04,-0.03,20,5,5.355,1.48,1.7,15.0,0,,,WorldRemit,Money transfer operator,mobile wallet,100.0,-3.3450000000000006,0.5299999999999998,0.30999999999999983
CANPAK,2024_3Q,cc2,CAN,PAK,South Asia,1,1.18,1.21,-0.03,18,5,4.5,1.48,2.4459999999999997,0.0,0,,,WorldRemit,Money transfer operator,mobile wallet,,-3.3200000000000003,-0.30000000000000004,-1.2659999999999998
CANPAK,2024_4Q,cc1,CAN,PAK,South Asia,1,2.01,1.95,0.06,22,6,4.24,1.48,1.6940000000000002,13.636363636363635,0,,,WorldRemit,Money transfer operator,mobile wallet,100.0,-2.2300000000000004,0.5299999999999998,0.3159999999999996
CANPAK,2024_4Q,cc2,CAN,PAK,South Asia,1,1.26,1.204,0.06,20,6,3.67,0.13,1.4440000000000004,10.0,0,,,Dollar Links,Money transfer operator,bank account,100.0,-2.41,1.13,-0.18400000000000039
CANPAK,2025_1Q,cc1,CAN,PAK,South Asia,1,2.23,2.12,0.11,22,6,3.9850000000000003,1.4500000000000002,1.7000000000000002,13.636363636363635,0,,,WorldRemit,Money transfer operator,mobile wallet,100.0,-1.7550000000000003,0.7799999999999998,0.5299999999999998
CANPAK,2025_1Q,cc2,CAN,PAK,South Asia,1,1.5699999999999998,1.456,0.11,19,6,4.03,0.33,1.33,10.526315789473683,0,,,Dollar Links,Money transfer operator,bank account,100.0,-2.4600000000000004,1.2399999999999998,0.23999999999999977
CANPAK,2025_3Q,cc1,CAN,PAK,"Middle East, North Africa, Afghanistan & Pakistan",1,2.25,2.12,0.13,16,5,4.36,2.05,2.05,18.75,0,,,WorldRemit,Money transfer operator,mobile wallet,100.0,-2.1100000000000003,0.20000000000000018,0.20000000000000018
CANPAK,2025_3Q,cc2,CAN,PAK,"Middle East, North Africa, Afghanistan & Pakistan",1,1.58,1.454,0.13,16,5,4.25,2.05,2.05,0.0,0,,,WorldRemit,Money transfer operator,mobile wallet,,-2.67,-0.46999999999999975,-0.46999999999999975
CANPHL,2024_3Q,cc1,CAN,PHL,East Asia & Pacific,1,1.95,1.915,0.03,40,12,4.279999999999999,2.2,2.5869999999999997,0.0,6,3.755,0.0,Royal Bank of Canada,Bank,bank account,,-2.329999999999999,-0.2500000000000002,-0.6369999999999998
CANPHL,2024_3Q,cc2,CAN,PHL,East Asia & Pacific,1,1.23,1.202,0.03,40,12,2.535,1.09,1.914,5.0,6,2.01,16.666666666666664,RemitBee,Money transfer operator,bank account,100.0,-1.3050000000000002,0.1399999999999999,-0.6839999999999999
CANPHL,2024_4Q,cc1,CAN,PHL,East Asia & Pacific,1,1.98,1.9900000000000002,-0.01,36,12,4.455,2.1,2.5949999999999998,0.0,3,2.61,0.0,WorldRemit,Money transfer operator,mobile wallet,,-2.475,-0.1200000000000001,-0.6149999999999998
CANPHL,2024_4Q,cc2,CAN,PHL,East Asia & Pacific,1,1.36,1.3679999999999999,-0.01,36,12,2.585,1.11,1.725,5.555555555555555,3,2.31,33.33333333333333,RemitBee,Money transfer operator,bank account,100.0,-1.2249999999999999,0.25,-0.365
CANPHL,2025_1Q,cc1,CAN,PHL,East Asia & Pacific,1,1.7999999999999998,1.815,-0.02,36,12,4.21,2.04,2.3649999999999998,0.0,3,2.48,0.0,WorldRemit,Money transfer operator,mobile wallet,,-2.41,-0.2400000000000002,-0.565
CANPHL,2025_1Q,cc2,CAN,PHL,East Asia & Pacific,1,1.32,1.3439999999999999,-0.02,36,12,2.5250000000000004,0.97,1.5150000000000001,5.555555555555555,3,2.17,33.33333333333333,RemitBee,Money transfer operator,cash,100.0,-1.2050000000000003,0.3500000000000001,-0.19500000000000006
CANPHL,2025_3Q,cc1,CAN,PHL,East Asia & Pacific,1,1.9,1.815,0.08,28,10,3.2649999999999997,1.42,1.7280000000000002,14.285714285714285,4,2.7649999999999997,0.0,WorldRemit,Money transfer operator,mobile wallet,0.0,-1.3649999999999998,0.48,0.1719999999999997
CANPHL,2025_3Q,cc2,CAN,PHL,East Asia & Pacific,1,1.42,1.3439999999999999,0.08,28,10,1.95,0.64,0.82,32.142857142857146,4,1.985,25.0,RemitBee,Money transfer operator,cash,22.22222222222222,-0.53,0.7799999999999999,0.6
CANVNM,2024_3Q,cc1,CAN,VNM,East Asia & Pacific,1,2.48,2.485,-0.01,20,8,6.1,2.2,3.517,5.0,4,4.08,25.0,Royal Bank of Canada,Bank,bank account,100.0,-3.6199999999999997,0.2799999999999998,-1.037
CANVNM,2024_3Q,cc2,CAN,VNM,East Asia & Pacific,1,1.66,1.6660000000000001,-0.01,20,8,4.63,1.81,2.157,0.0,4,4.08,0.0,MoneyGram,Money transfer operator,cash,,-2.9699999999999998,-0.15000000000000013,-0.4970000000000001
CANVNM,2024_4Q,cc1,CAN,VNM,East Asia & Pacific,1,2.49,2.42,0.07,20,8,5.895,0.24,3.2460000000000004,10.0,4,3.6,25.0,MoneyGram,Money transfer operator,cash,100.0,-3.4049999999999994,2.25,-0.7560000000000002
CANVNM,2024_4Q,cc2,CAN,VNM,East Asia & Pacific,1,1.57,1.504,0.07,20,8,4.805,0.24,2.3000000000000003,5.0,4,3.6,0.0,MoneyGram,Money transfer operator,cash,100.0,-3.2349999999999994,1.33,-0.7300000000000002
CANVNM,2025_1Q,cc1,CAN,VNM,East Asia & Pacific,1,2.3,2.365,-0.06999999999999999,19,8,5.65,2.17,3.3920000000000003,5.263157894736842,4,3.7350000000000003,25.0,Royal Bank of Canada,Bank,bank account,100.0,-3.3500000000000005,0.1299999999999999,-1.0920000000000005
CANVNM,2025_1Q,cc2,CAN,VNM,East Asia & Pacific,1,1.48,1.55,-0.06999999999999999,19,8,4.12,1.2,1.998,5.263157894736842,4,3.7350000000000003,0.0,MoneyGram,Money transfer operator,cash,0.0,-2.64,0.28,-0.518
CANVNM,2025_3Q,cc1,CAN,VNM,East Asia & Pacific,1,2.37,2.365,0.0,18,9,4.380000000000001,2.1,2.61,5.555555555555555,6,3.005,16.666666666666664,Royal Bank of Canada,Bank,bank account,100.0,-2.0100000000000007,0.27,-0.23999999999999977
CANVNM,2025_3Q,cc2,CAN,VNM,East Asia & Pacific,1,1.55,1.55,0.0,18,9,3.965,1.45,2.01,5.555555555555555,6,2.75,0.0,MoneyGram,Money transfer operator,cash,0.0,-2.415,0.10000000000000009,-0.45999999999999974
CHEHUN,2024_3Q,cc1,CHE,HUN,Europe & Central Asia,3,4.75,4.7375,0.01,12,3,6.765000000000001,1.13,3.05,41.66666666666667,4,4.23,75.0,Swiss Post,Post office,bank account,20.0,-2.0150000000000006,3.62,1.7000000000000002
CHEHUN,2024_3Q,cc2,CHE,HUN,Europe & Central Asia,3,4.36,4.3475,0.01,12,3,6.265000000000001,1.13,1.56,41.66666666666667,4,3.11,75.0,Swiss Post,Post office,bank account,20.0,-1.9050000000000002,3.2300000000000004,2.8000000000000003
CHEHUN,2024_4Q,cc1,CHE,HUN,Europe & Central Asia,3,4.1,4.124999999999999,-0.03,12,3,1.145,0.16,0.21400000000000005,75.0,4,0.48500000000000004,100.0,Western Union,Money transfer operator,bank account,77.77777777777779,2.9549999999999996,3.9399999999999995,3.8859999999999997
CHEHUN,2024_4Q,cc2,CHE,HUN,Europe & Central Asia,3,3.68,3.705,-0.03,12,3,1.145,0.16,0.21400000000000005,75.0,4,0.48500000000000004,100.0,Western Union,Money transfer operator,bank account,77.77777777777779,2.535,3.52,3.466
CHEHUN,2025_1Q,cc1,CHE,HUN,Europe & Central Asia,3,4.14,4.124999999999999,0.01,12,3,4.16,1.04,1.4780000000000002,41.66666666666667,4,2.3899999999999997,100.0,Western Union,Money transfer operator,bank account,40.0,-0.020000000000000462,3.0999999999999996,2.6619999999999995
CHEHUN,2025_1Q,cc2,CHE,HUN,Europe & Central Asia,3,3.7199999999999998,3.705,0.01,12,3,2.29,1.04,1.3290000000000002,91.66666666666666,4,1.645,100.0,Western Union,Money transfer operator,bank account,18.181818181818183,1.4299999999999997,2.6799999999999997,2.3909999999999996
CHEHUN,2025_3Q,cc1,CHE,HUN,Europe & Central Asia,3,3.18,3.18125,0.0,10,3,2.9699999999999998,0.63,1.494,70.0,4,2.045,100.0,Western Union,Money transfer operator,bank account,28.57142857142857,0.2100000000000004,2.5500000000000003,1.6860000000000002
CHEHUN,2025_3Q,cc2,CHE,HUN,Europe & Central Asia,3,2.77,2.765,0.0,10,3,1.6099999999999999,0.63,1.305,70.0,4,1.38,100.0,Western Union,Money transfer operator,bank account,28.57142857142857,1.1600000000000001,2.14,1.465
CHELKA,2024_3Q,cc1,CHE,LKA,South Asia,3,5.08,5.0375000000000005,0.04,14,2,5.7,2.8,2.8,35.714285714285715,5,2.8,100.0,Western Union,Money transfer operator,bank account,100.0,-0.6200000000000001,2.2800000000000002,2.2800000000000002
CHELKA,2024_3Q,cc2,CHE,LKA,South Asia,3,3.95,3.91,0.04,14,2,4.21,2.8,2.8,35.714285714285715,5,2.8,100.0,Western Union,Money transfer operator,bank account,100.0,-0.2599999999999998,1.1500000000000004,1.1500000000000004
CHELKA,2024_4Q,cc1,CHE,LKA,South Asia,3,5.08,5.0375000000000005,0.04,16,3,3.9000000000000004,3.3,3.3,62.5,7,3.77,100.0,Western Union,Money transfer operator,bank account,80.0,1.1799999999999997,1.7800000000000002,1.7800000000000002
CHELKA,2024_4Q,cc2,CHE,LKA,South Asia,3,3.95,3.91,0.04,16,3,3.665,2.65,2.9749999999999996,50.0,7,3.3,71.42857142857143,Ria,Money transfer operator,bank account,75.0,0.28500000000000014,1.3000000000000003,0.9750000000000005
CHELKA,2025_1Q,cc1,CHE,LKA,South Asia,3,5.050000000000001,5.0375000000000005,0.01,16,3,5.235,3.32,3.32,43.75,7,3.56,100.0,Western Union,Money transfer operator,bank account,71.42857142857143,-0.1849999999999996,1.7300000000000009,1.7300000000000009
CHELKA,2025_1Q,cc2,CHE,LKA,South Asia,3,3.92,3.91,0.01,16,3,4.210000000000001,3.04,3.1799999999999997,43.75,7,3.32,100.0,Ria,Money transfer operator,bank account,71.42857142857143,-0.2900000000000009,0.8799999999999999,0.7400000000000002
CHELKA,2025_3Q,cc1,CHE,LKA,South Asia,3,4.34,4.3375,0.0,13,4,4.79,2.54,2.8900000000000006,23.076923076923077,8,4.575,25.0,MoneyGram,Money transfer operator,bank account,66.66666666666666,-0.4500000000000002,1.7999999999999998,1.4499999999999993
CHELKA,2025_3Q,cc2,CHE,LKA,South Asia,3,3.21,3.2075,0.0,13,4,3.67,2.54,2.592,23.076923076923077,8,3.455,25.0,MoneyGram,Money transfer operator,bank account,66.66666666666666,-0.45999999999999996,0.6699999999999999,0.6179999999999999
CZEUKR,2024_3Q,cc1,CZE,UKR,Europe & Central Asia,3,1.46,0.9868421052631579,0.47,13,7,6.35,2.03,2.224,0.0,6,5.915,0.0,Paysend,Money transfer operator,bank account,,-4.89,-0.5699999999999998,-0.7640000000000002
CZEUKR,2024_3Q,cc2,CZE,UKR,Europe & Central Asia,3,1.31,0.8414659685863874,0.47,13,7,5.4,1.41,1.7280000000000002,0.0,6,4.2,0.0,Paysend,Money transfer operator,bank account,,-4.09,-0.09999999999999987,-0.41800000000000015
CZEUKR,2024_4Q,cc1,CZE,UKR,Europe & Central Asia,3,1.58,0.9855263157894737,0.59,13,7,7.79,1.81,2.47,0.0,6,5.25,0.0,TransferGo,Money transfer operator,bank account,,-6.21,-0.22999999999999998,-0.8900000000000001
CZEUKR,2024_4Q,cc2,CZE,UKR,Europe & Central Asia,3,1.43,0.841151832460733,0.59,13,7,4.86,1.81,1.85,0.0,6,3.1950000000000003,0.0,TransferGo,Money transfer operator,bank account,,-3.4300000000000006,-0.3800000000000001,-0.42000000000000015
CZEUKR,2025_1Q,cc1,CZE,UKR,Europe & Central Asia,3,2.55,1.6244736842105263,0.9299999999999999,13,7,7.5200000000000005,0.84,2.18,23.076923076923077,6,5.2299999999999995,50.0,TransferGo,Money transfer operator,bank account,33.33333333333333,-4.970000000000001,1.71,0.36999999999999966
CZEUKR,2025_1Q,cc2,CZE,UKR,Europe & Central Asia,3,2.41,1.4803141361256544,0.9299999999999999,13,7,5.59,0.84,1.5599999999999998,23.076923076923077,6,3.175,50.0,TransferGo,Money transfer operator,bank account,33.33333333333333,-3.1799999999999997,1.5700000000000003,0.8500000000000003
CZEUKR,2025_3Q,cc1,CZE,UKR,Europe & Central Asia,3,3.34,2.465263157894737,0.87,12,7,6.6,0.8,2.24,25.0,6,5.325,50.0,TransferGo,Money transfer operator,bank account,33.33333333333333,-3.26,2.54,1.0999999999999996
CZEUKR,2025_3Q,cc2,CZE,UKR,Europe & Central Asia,3,2.97,2.0970680628272254,0.87,12,7,5.18,0.8,1.62,41.66666666666667,6,3.27,50.0,TransferGo,Money transfer operator,bank account,20.0,-2.2099999999999995,2.17,1.35
CZEVNM,2024_3Q,cc1,CZE,VNM,East Asia & Pacific,3,2.06,2.049736842105263,0.01,15,6,8.79,4.02,4.032,0.0,5,8.79,0.0,Western Union,Money transfer operator,cash,,-6.729999999999999,-1.9599999999999995,-1.972
CZEVNM,2024_3Q,cc2,CZE,VNM,East Asia & Pacific,3,1.53,1.5151832460732984,0.01,15,6,5.3,3.24,3.2520000000000002,0.0,5,5.4,0.0,Western Union,Money transfer operator,cash,,-3.7699999999999996,-1.7100000000000002,-1.7220000000000002
CZEVNM,2024_4Q,cc1,CZE,VNM,East Asia & Pacific,3,2.06,2.049736842105263,0.01,15,6,8.82,3.33,3.342,0.0,5,8.03,0.0,Western Union,Money transfer operator,cash,,-6.76,-1.27,-1.282
CZEVNM,2024_4Q,cc2,CZE,VNM,East Asia & Pacific,3,1.53,1.5151832460732984,0.01,15,6,4.86,3.33,3.342,0.0,5,4.54,0.0,Western Union,Money transfer operator,cash,,-3.33,-1.8,-1.812
CZEVNM,2025_1Q,cc1,CZE,VNM,East Asia & Pacific,3,2.5100000000000002,2.4892105263157895,0.02,15,6,9.04,4.05,4.094,0.0,5,8.28,0.0,Western Union,Money transfer operator,cash,,-6.529999999999999,-1.5399999999999996,-1.584
CZEVNM,2025_1Q,cc2,CZE,VNM,East Asia & Pacific,3,1.97,1.9546596858638743,0.02,15,6,5.47,3.27,3.314,0.0,5,5.59,0.0,Western Union,Money transfer operator,cash,,-3.5,-1.3,-1.344
CZEVNM,2025_3Q,cc1,CZE,VNM,East Asia & Pacific,3,2.7,2.7028947368421052,0.0,13,6,4.35,2.97,3.88,0.0,6,6.38,0.0,MoneyGram,Money transfer operator,bank account,,-1.6499999999999995,-0.27,-1.1799999999999997
CZEVNM,2025_3Q,cc2,CZE,VNM,East Asia & Pacific,3,2.17,2.168586387434555,0.0,13,6,4.35,1.7,3.1,7.6923076923076925,6,4.635,16.666666666666664,MoneyGram,Money transfer operator,bank account,0.0,-2.1799999999999997,0.47,-0.9300000000000002
DEUBGR,2024_3Q,cc1,DEU,BGR,Europe & Central Asia,3,2.47,2.457142857142857,0.01,20,5,3.65,0.0,3.0780000000000003,10.0,6,3.9749999999999996,0.0,Postbank,Post office,bank account,100.0,-1.1799999999999997,2.47,-0.6080000000000001
DEUBGR,2024_3Q,cc2,DEU,BGR,Europe & Central Asia,3,1.82,1.8057971014492753,0.01,20,5,2.7,0.0,1.8270000000000002,10.0,6,2.365,0.0,Postbank,Post office,bank account,100.0,-0.8800000000000001,1.82,-0.007000000000000117
DEUBGR,2024_4Q,cc1,DEU,BGR,Europe & Central Asia,3,2.13,2.121428571428572,0.01,20,5,3.56,0.0,2.313,10.0,6,3.9800000000000004,0.0,Postbank,Post office,bank account,100.0,-1.4300000000000002,2.13,-0.18300000000000027
DEUBGR,2024_4Q,cc2,DEU,BGR,Europe & Central Asia,3,1.46,1.4492753623188406,0.01,20,5,2.31,0.0,1.5930000000000002,10.0,6,2.37,0.0,Postbank,Post office,bank account,100.0,-0.8500000000000001,1.46,-0.13300000000000023
DEUBGR,2025_1Q,cc1,DEU,BGR,Europe & Central Asia,3,2.5100000000000002,2.5,0.01,20,5,4.390000000000001,0.0,2.3040000000000003,10.0,6,3.9750000000000005,0.0,Postbank,Bank,bank account,100.0,-1.8800000000000003,2.5100000000000002,0.20599999999999996
DEUBGR,2025_1Q,cc2,DEU,BGR,Europe & Central Asia,3,1.8499999999999999,1.8405797101449275,0.01,20,5,2.7,0.0,1.8270000000000002,10.0,6,2.365,0.0,Postbank,Bank,bank account,100.0,-0.8500000000000003,1.8499999999999999,0.022999999999999687
DEUBGR,2025_3Q,cc1,DEU,BGR,Europe & Central Asia,3,2.44,2.435714285714286,0.0,22,5,3.795,0.0,2.104,18.181818181818183,8,3.56,12.5,Postbank,Bank,bank account,50.0,-1.355,2.44,0.33599999999999985
DEUBGR,2025_3Q,cc2,DEU,BGR,Europe & Central Asia,3,1.77,1.7710144927536233,0.0,22,5,2.26,0.0,0.869,40.909090909090914,8,1.45,62.5,Postbank,Bank,bank account,22.22222222222222,-0.48999999999999977,1.77,0.901
DEUHUN,2024_3Q,cc1,DEU,HUN,Europe & Central Asia,2,1.7850000000000001,1.785714285714286,0.0,14,4,6.8,3.55,3.691,0.0,6,5.41,0.0,MoneyGram,Money transfer operator,cash,,-5.015,-1.7649999999999997,-1.9059999999999997
DEUHUN,2024_3Q,cc2,DEU,HUN,Europe & Central Asia,2,1.4,1.4000000000000001,0.0,14,4,5.53,2.33,2.33,0.0,6,3.93,0.0,Remitly,Money transfer operator,bank account,,-4.130000000000001,-0.9300000000000002,-0.9300000000000002
DEUHUN,2024_4Q,cc1,DEU,HUN,Europe & Central Asia,2,2.6399999999999997,2.6142857142857143,0.025,14,4,8.870000000000001,4.17,4.17,0.0,6,5.29,0.0,Remitly,Money transfer operator,bank account,,-6.230000000000001,-1.5300000000000002,-1.5300000000000002
DEUHUN,2024_4Q,cc2,DEU,HUN,Europe & Central Asia,2,2.2800000000000002,2.2507246376811594,0.025,14,4,6.199999999999999,2.48,2.48,0.0,6,3.8099999999999996,0.0,Remitly,Money transfer operator,bank account,,-3.919999999999999,-0.19999999999999973,-0.19999999999999973
DEUHUN,2025_1Q,cc1,DEU,HUN,Europe & Central Asia,2,2.645,2.6142857142857143,0.03,14,4,9.34,4.01,4.01,0.0,6,5.535,0.0,Remitly,Money transfer operator,bank account,,-6.695,-1.3649999999999998,-1.3649999999999998
DEUHUN,2025_1Q,cc2,DEU,HUN,Europe & Central Asia,2,2.28,2.2492753623188406,0.03,14,4,8.575000000000001,2.32,2.32,0.0,6,4.055,0.0,Remitly,Money transfer operator,bank account,,-6.295000000000002,-0.040000000000000036,-0.040000000000000036
DEUHUN,2025_3Q,cc1,DEU,HUN,Europe & Central Asia,2,2.355,2.3357142857142854,0.02,16,4,6.07,3.33,3.96,0.0,9,6.07,0.0,MoneyGram,Money transfer operator,cash,,-3.7150000000000003,-0.9750000000000001,-1.605
DEUHUN,2025_3Q,cc2,DEU,HUN,Europe & Central Asia,2,1.9949999999999999,1.973913043478261,0.02,16,4,4.2,2.27,2.27,0.0,9,4.2,0.0,Remitly,Money transfer operator,bank account,,-2.205,-0.27500000000000013,-0.27500000000000013
DEUKSV,2025_3Q,cc1,DEU,KSV,Europe & Central Asia,1,1.47,1.4714285714285715,0.0,11,6,4.99,0.3,2.49,9.090909090909092,1,0.3,100.0,Revolut,Bank,bank account,0.0,-3.5200000000000005,1.17,-1.0200000000000002
DEUKSV,2025_3Q,cc2,DEU,KSV,Europe & Central Asia,1,1.07,1.0695652173913044,0.0,11,6,2.61,0.3,1.3,9.090909090909092,1,0.3,100.0,Revolut,Bank,bank account,0.0,-1.5399999999999998,0.77,-0.22999999999999998
DEUMAR,2025_3Q,cc1,DEU,MAR,"Middle East, North Africa, Afghanistan & Pakistan",3,5.7,5.678571428571429,0.02,30,9,3.825,2.24,2.5,90.0,7,2.5,100.0,Ria,Money transfer operator,bank account,0.0,1.875,3.46,3.2
DEUMAR,2025_3Q,cc2,DEU,MAR,"Middle East, North Africa, Afghanistan & Pakistan",3,4.0,3.976811594202899,0.02,30,9,2.58,1.36,1.788,90.0,7,2.29,100.0,MoneyGram,Money transfer operator,cash,0.0,1.42,2.6399999999999997,2.2119999999999997
DEUTUR,2024_3Q,cc1,DEU,TUR,Europe & Central Asia,2,5.925,5.925000000000001,0.0,24,7,3.115,2.5,2.5,87.5,3,2.5,100.0,Remitly,Money transfer operator,cash,0.0,2.8099999999999996,3.425,3.425
DEUTUR,2024_3Q,cc2,DEU,TUR,Europe & Central Asia,2,3.12,3.118840579710145,0.0,24,7,2.295,1.66,1.66,66.66666666666666,3,1.66,100.0,Remitly,Money transfer operator,cash,0.0,0.8250000000000002,1.4600000000000002,1.4600000000000002
DEUTUR,2024_4Q,cc1,DEU,TUR,Europe & Central Asia,2,5.9350000000000005,5.935714285714287,0.0,23,6,3.24,2.63,2.63,78.26086956521739,3,2.63,100.0,Remitly,Money transfer operator,cash,0.0,2.6950000000000003,3.3050000000000006,3.3050000000000006
DEUTUR,2024_4Q,cc2,DEU,TUR,Europe & Central Asia,2,3.125,3.1246376811594203,0.0,23,6,2.4,1.79,1.79,65.21739130434783,3,1.79,100.0,Remitly,Money transfer operator,cash,0.0,0.7250000000000001,1.335,1.335
DEUTUR,2025_1Q,cc1,DEU,TUR,Europe & Central Asia,2,6.33,6.289285714285715,0.04,22,6,2.92,2.55,2.55,90.9090909090909,3,2.55,100.0,Remitly,Money transfer operator,cash,0.0,3.41,3.7800000000000002,3.7800000000000002
DEUTUR,2025_1Q,cc2,DEU,TUR,Europe & Central Asia,2,3.5200000000000005,3.4797101449275365,0.04,22,6,2.125,1.71,1.71,90.9090909090909,3,1.71,100.0,Remitly,Money transfer operator,cash,0.0,1.3950000000000005,1.8100000000000005,1.8100000000000005
DEUTUR,2025_3Q,cc1,DEU,TUR,Europe & Central Asia,2,6.305,6.25,0.055,28,7,2.92,1.74,2.14,85.71428571428571,5,2.7,100.0,Ria,Money transfer operator,bank account,0.0,3.385,4.5649999999999995,4.164999999999999
DEUTUR,2025_3Q,cc2,DEU,TUR,Europe & Central Asia,2,3.5,3.444927536231884,0.055,28,7,2.08,1.13,1.388,89.28571428571429,5,1.86,100.0,Ria,Money transfer operator,cash,0.0,1.42,2.37,2.112
DEUUKR,2024_3Q,cc1,DEU,UKR,Europe & Central Asia,2,2.185,1.7107142857142854,0.47,13,6,2.8,1.42,1.494,30.76923076923077,3,1.79,66.66666666666666,MoneyGram,Money transfer operator,cash,0.0,-0.6149999999999998,0.7650000000000001,0.6910000000000001
DEUUKR,2024_3Q,cc2,DEU,UKR,Europe & Central Asia,2,1.85,1.3797101449275364,0.47,13,6,2.49,1.15,1.152,30.76923076923077,3,1.15,66.66666666666666,Paysend,Money transfer operator,bank account,0.0,-0.6400000000000001,0.7000000000000002,0.6980000000000002
DEUUKR,2024_4Q,cc1,DEU,UKR,Europe & Central Asia,2,2.395,1.7821428571428573,0.61,13,6,2.83,1.86,2.14,23.076923076923077,3,2.83,33.33333333333333,Postbank via Western Union,Mixed / multiple types,bank account,0.0,-0.43500000000000005,0.5349999999999999,0.2549999999999999
DEUUKR,2024_4Q,cc2,DEU,UKR,Europe & Central Asia,2,2.065,1.455072463768116,0.61,13,6,2.77,0.0,0.20400000000000018,30.76923076923077,3,2.19,33.33333333333333,MoneyGram,Money transfer operator,cash,50.0,-0.7050000000000001,2.065,1.8609999999999998
DEUUKR,2025_1Q,cc1,DEU,UKR,Europe & Central Asia,2,3.09,2.1392857142857142,0.95,13,6,2.81,1.81,1.8760000000000001,53.84615384615385,3,1.81,66.66666666666666,Paysend,Money transfer operator,bank account,28.57142857142857,0.2799999999999998,1.2799999999999998,1.2139999999999997
DEUUKR,2025_1Q,cc2,DEU,UKR,Europe & Central Asia,2,2.765,1.8159420289855073,0.95,13,6,2.81,0.0,0.22600000000000017,38.46153846153847,3,1.17,66.66666666666666,MoneyGram,Money transfer operator,cash,40.0,-0.04499999999999993,2.765,2.539
DEUUKR,2025_3Q,cc1,DEU,UKR,Europe & Central Asia,2,3.7700000000000005,2.8714285714285714,0.9,17,6,2.62,0.0,1.2720000000000002,70.58823529411765,3,2.12,66.66666666666666,MoneyGram,Money transfer operator,cash,33.33333333333333,1.1500000000000004,3.7700000000000005,2.498
DEUUKR,2025_3Q,cc2,DEU,UKR,Europe & Central Asia,2,3.1399999999999997,2.243478260869565,0.9,17,6,2.24,0.0,0.678,82.35294117647058,3,1.48,66.66666666666666,MoneyGram,Money transfer operator,cash,28.57142857142857,0.8999999999999995,3.1399999999999997,2.4619999999999997
ESPBGR,2024_3Q,cc1,ESP,BGR,Europe & Central Asia,2,2.705,2.6928571428571426,0.01,14,4,4.4,2.44,3.21,7.142857142857142,5,6.43,0.0,Ria,Money transfer operator,cash,0.0,-1.6950000000000003,0.2650000000000001,-0.5049999999999999
ESPBGR,2024_3Q,cc2,ESP,BGR,Europe & Central Asia,2,2.05,2.0362318840579707,0.01,14,4,2.79,1.17,2.5140000000000002,7.142857142857142,5,4.09,0.0,Ria,Money transfer operator,cash,0.0,-0.7400000000000002,0.8799999999999999,-0.4640000000000004
ESPBGR,2024_4Q,cc1,ESP,BGR,Europe & Central Asia,2,2.425,2.417857142857143,0.01,13,4,4.38,0.89,1.2000000000000002,15.384615384615385,4,5.67,0.0,Western Union,Money transfer operator,cash,100.0,-1.955,1.5349999999999997,1.2249999999999996
ESPBGR,2024_4Q,cc2,ESP,BGR,Europe & Central Asia,2,1.76,1.7478260869565219,0.01,13,4,2.69,1.17,1.75,23.076923076923077,4,3.6550000000000002,0.0,Ria,Money transfer operator,cash,0.0,-0.9299999999999999,0.5900000000000001,0.010000000000000009
ESPBGR,2025_1Q,cc1,ESP,BGR,Europe & Central Asia,2,2.7800000000000002,2.7714285714285714,0.01,13,4,4.81,2.44,3.766,7.6923076923076925,4,5.41,0.0,Ria,Money transfer operator,cash,0.0,-2.0299999999999994,0.3400000000000003,-0.9859999999999998
ESPBGR,2025_1Q,cc2,ESP,BGR,Europe & Central Asia,2,2.12,2.1086956521739126,0.01,13,4,2.9899999999999998,1.17,2.46,7.6923076923076925,4,3.395,0.0,Ria,Money transfer operator,cash,0.0,-0.8699999999999997,0.9500000000000002,-0.33999999999999986
ESPBGR,2025_3Q,cc1,ESP,BGR,Europe & Central Asia,2,2.74,2.7392857142857143,0.0,11,4,4.41,2.44,4.27,9.090909090909092,4,4.665,0.0,Ria,Money transfer operator,cash,0.0,-1.67,0.30000000000000027,-1.5299999999999994
ESPBGR,2025_3Q,cc2,ESP,BGR,Europe & Central Asia,2,2.075,2.0739130434782607,0.0,11,4,2.72,1.17,1.93,18.181818181818183,4,2.6500000000000004,0.0,Ria,Money transfer operator,cash,0.0,-0.645,0.9050000000000002,0.14500000000000024
ESPBRA,2024_3Q,cc1,ESP,BRA,Latin America & Caribbean,2,2.495,2.4571428571428573,0.04,15,7,5.18,3.97,4.04,0.0,5,4.39,0.0,Ria,Money transfer operator,bank account,,-2.6849999999999996,-1.475,-1.545
ESPBRA,2024_3Q,cc2,ESP,BRA,Latin America & Caribbean,2,2.115,2.07536231884058,0.04,15,7,3.76,1.63,2.482,6.666666666666667,5,3.12,0.0,Ria,Money transfer operator,bank account,0.0,-1.6449999999999996,0.4850000000000003,-0.367
ESPBRA,2024_4Q,cc1,ESP,BRA,Latin America & Caribbean,2,2.3899999999999997,2.492857142857143,-0.1,15,8,4.35,0.18,2.402,13.333333333333334,6,4.17,16.666666666666664,Exact Change,Money transfer operator,bank account,50.0,-1.96,2.2099999999999995,-0.012000000000000455
ESPBRA,2024_4Q,cc2,ESP,BRA,Latin America & Caribbean,2,1.98,2.0811594202898553,-0.1,15,8,2.43,0.18,1.044,20.0,6,2.9,16.666666666666664,Exact Change,Money transfer operator,bank account,33.33333333333333,-0.4500000000000002,1.8,0.9359999999999999
ESPBRA,2025_1Q,cc1,ESP,BRA,Latin America & Caribbean,2,2.83,2.817857142857143,0.01,16,7,5.37,2.34,3.705,6.25,6,5.359999999999999,0.0,Money Exchange,Money transfer operator,bank account,0.0,-2.54,0.4900000000000002,-0.875
ESPBRA,2025_1Q,cc2,ESP,BRA,Latin America & Caribbean,2,2.4450000000000003,2.4347826086956523,0.01,16,7,3.07,1.11,1.705,31.25,6,2.88,16.666666666666664,Money Exchange,Money transfer operator,bank account,0.0,-0.6249999999999996,1.3350000000000002,0.7400000000000002
ESPBRA,2025_3Q,cc1,ESP,BRA,Latin America & Caribbean,3,2.49,2.4857142857142858,0.0,15,9,4.26,0.76,2.532,13.333333333333334,9,4.14,11.11111111111111,Paysend,Money transfer operator,bank account,50.0,-1.7699999999999996,1.7300000000000002,-0.041999999999999815
ESPBRA,2025_3Q,cc2,ESP,BRA,Latin America & Caribbean,3,2.1,2.101449275362319,0.0,15,9,2.78,0.76,1.286,26.666666666666668,9,2.78,22.22222222222222,Paysend,Money transfer operator,bank account,25.0,-0.6799999999999997,1.34,0.8140000000000001
ESPCHN,2024_3Q,cc1,ESP,CHN,East Asia & Pacific,2,4.4350000000000005,4.385714285714286,0.05,11,4,5.87,4.03,4.03,18.181818181818183,8,5.855,25.0,Remitly,Money transfer operator,bank account,0.0,-1.4349999999999996,0.40500000000000025,0.40500000000000025
ESPCHN,2024_3Q,cc2,ESP,CHN,East Asia & Pacific,2,2.505,2.455072463768116,0.05,11,4,4.86,2.34,2.34,18.181818181818183,8,4.74,25.0,Remitly,Money transfer operator,bank account,0.0,-2.3550000000000004,0.16500000000000004,0.16500000000000004
ESPCHN,2024_4Q,cc1,ESP,CHN,East Asia & Pacific,2,4.945,4.917857142857143,0.03,11,4,4.08,0.18,0.59,63.63636363636363,8,4.04,62.5,Western Union,Money transfer operator,bank account,71.42857142857143,0.8650000000000002,4.765000000000001,4.355
ESPCHN,2024_4Q,cc2,ESP,CHN,East Asia & Pacific,2,2.965,2.93768115942029,0.03,11,4,4.08,0.18,0.59,45.45454545454545,8,2.35,62.5,Western Union,Money transfer operator,bank account,60.0,-1.1150000000000002,2.7849999999999997,2.375
ESPCHN,2025_1Q,cc1,ESP,CHN,East Asia & Pacific,2,4.244999999999999,4.246428571428572,0.0,11,4,7.33,4.1000000000000005,4.1000000000000005,18.181818181818183,8,6.8500000000000005,25.0,Remitly,Money transfer operator,bank account,0.0,-3.085000000000001,0.14499999999999869,0.14499999999999869
ESPCHN,2025_1Q,cc2,ESP,CHN,East Asia & Pacific,2,2.875,2.879710144927536,0.0,11,4,5.220000000000001,2.41,2.41,18.181818181818183,8,4.51,25.0,Remitly,Money transfer operator,bank account,0.0,-2.3450000000000006,0.46499999999999986,0.46499999999999986
ESPCHN,2025_3Q,cc1,ESP,CHN,East Asia & Pacific,2,4.05,4.05,0.0,10,4,5.640000000000001,4.07,4.07,0.0,8,5.135,0.0,Remitly,Money transfer operator,bank account,,-1.5900000000000007,-0.020000000000000462,-0.020000000000000462
ESPCHN,2025_3Q,cc2,ESP,CHN,East Asia & Pacific,2,2.7800000000000002,2.7782608695652176,0.0,10,4,4.515,2.32,2.374,40.0,8,3.33,50.0,MoneyGram,Money transfer operator,bank account,0.0,-1.7349999999999994,0.4600000000000004,0.40600000000000014
ESPPHL,2024_3Q,cc1,ESP,PHL,East Asia & Pacific,2,2.49,2.442857142857143,0.05,23,6,3.15,1.72,2.07,26.08695652173913,6,2.07,66.66666666666666,Remitly,Money transfer operator,bank account,0.0,-0.6599999999999997,0.7700000000000002,0.4200000000000004
ESPPHL,2024_3Q,cc2,ESP,PHL,East Asia & Pacific,2,1.9200000000000002,1.8695652173913044,0.05,23,6,1.88,1.23,1.3,56.52173913043478,6,1.3,66.66666666666666,MoneyGram,Money transfer operator,bank account,0.0,0.04000000000000026,0.6900000000000002,0.6200000000000001
ESPPHL,2024_4Q,cc1,ESP,PHL,East Asia & Pacific,2,2.46,2.4535714285714283,0.01,19,5,3.09,2.01,2.386,10.526315789473683,4,2.48,50.0,Remitly,Money transfer operator,bank account,0.0,-0.6299999999999999,0.4500000000000002,0.07399999999999984
ESPPHL,2024_4Q,cc2,ESP,PHL,East Asia & Pacific,2,1.885,1.8739130434782607,0.01,23,6,2.11,0.39,0.68,43.47826086956522,6,1.59,66.66666666666666,Western Union,Money transfer operator,bank account,20.0,-0.22499999999999987,1.495,1.205
ESPPHL,2025_1Q,cc1,ESP,PHL,East Asia & Pacific,2,2.565,2.5214285714285714,0.04,25,6,3.34,1.73,2.23,24.0,6,2.23,66.66666666666666,Remitly,Money transfer operator,bank account,0.0,-0.7749999999999999,0.835,0.33499999999999996
ESPPHL,2025_1Q,cc2,ESP,PHL,East Asia & Pacific,2,2.1550000000000002,2.117391304347826,0.04,25,6,1.8499999999999999,1.31,1.37,84.0,6,1.39,100.0,Remitly,Money transfer operator,bank account,0.0,0.3050000000000004,0.8450000000000002,0.7850000000000001
ESPPHL,2025_3Q,cc1,ESP,PHL,East Asia & Pacific,2,2.49,2.492857142857143,0.0,21,6,2.88,1.26,1.97,28.57142857142857,6,2.71,33.33333333333333,MoneyGram,Money transfer operator,mobile wallet,0.0,-0.3899999999999997,1.2300000000000002,0.5200000000000002
ESPPHL,2025_3Q,cc2,ESP,PHL,East Asia & Pacific,2,2.085,2.084057971014493,0.0,21,6,1.68,0.84,0.98,85.71428571428571,6,1.3,100.0,MoneyGram,Money transfer operator,mobile wallet,0.0,0.405,1.245,1.105
ESPROU,2024_3Q,cc1,ESP,ROU,Europe & Central Asia,3,1.95,1.942857142857143,0.01,14,5,3.39,2.51,2.588,0.0,4,2.965,0.0,Remitly,Money transfer operator,cash,,-1.4400000000000002,-0.5599999999999998,-0.6380000000000001
ESPROU,2024_3Q,cc2,ESP,ROU,Europe & Central Asia,3,1.36,1.353623188405797,0.01,14,5,2.915,1.67,1.736,0.0,4,4.285,0.0,Remitly,Money transfer operator,cash,,-1.555,-0.30999999999999983,-0.3759999999999999
ESPROU,2024_4Q,cc1,ESP,ROU,Europe & Central Asia,3,1.94,1.942857142857143,0.0,15,6,2.5,0.15,0.2,33.33333333333333,5,2.72,40.0,MoneyGram,Money transfer operator,cash,100.0,-0.56,1.79,1.74
ESPROU,2024_4Q,cc2,ESP,ROU,Europe & Central Asia,3,1.35,1.353623188405797,0.0,15,6,1.66,0.15,0.2,33.33333333333333,5,2.92,40.0,MoneyGram,Money transfer operator,cash,60.0,-0.30999999999999983,1.2000000000000002,1.1500000000000001
ESPROU,2025_1Q,cc1,ESP,ROU,Europe & Central Asia,3,2.33,2.3285714285714283,0.0,16,6,2.65,0.03,1.14,18.75,5,2.65,0.0,MoneyGram,Money transfer operator,cash,66.66666666666666,-0.31999999999999984,2.3000000000000003,1.1900000000000002
ESPROU,2025_1Q,cc2,ESP,ROU,Europe & Central Asia,3,1.7399999999999998,1.744927536231884,0.0,16,6,1.9,0.03,0.665,43.75,5,6.5600000000000005,40.0,MoneyGram,Money transfer operator,cash,28.57142857142857,-0.16000000000000014,1.7099999999999997,1.0749999999999997
ESPROU,2025_3Q,cc1,ESP,ROU,Europe & Central Asia,3,2.27,2.257142857142857,0.01,16,6,4.53,2.24,2.48,6.25,6,5.975,0.0,Money Exchange,Money transfer operator,cash,0.0,-2.2600000000000002,0.029999999999999805,-0.20999999999999996
ESPROU,2025_3Q,cc2,ESP,ROU,Europe & Central Asia,3,1.69,1.6753623188405797,0.01,16,6,2.71,1.62,1.63,25.0,6,5.035,33.33333333333333,Western Union,Money transfer operator,bank account,0.0,-1.02,0.06999999999999984,0.06000000000000005
FRACHN,2024_3Q,cc1,FRA,CHN,East Asia & Pacific,3,4.48,4.428571428571429,0.05,16,5,6.279999999999999,3.26,3.63,43.75,5,4.0,100.0,Western Union,Money transfer operator,bank account,0.0,-1.799999999999999,1.2200000000000006,0.8500000000000005
FRACHN,2024_3Q,cc2,FRA,CHN,East Asia & Pacific,3,2.39,2.339130434782609,0.05,16,5,4.4350000000000005,1.99,2.15,43.75,5,2.31,100.0,Western Union,Money transfer operator,bank account,0.0,-2.0450000000000004,0.40000000000000013,0.2400000000000002
FRACHN,2024_4Q,cc1,FRA,CHN,East Asia & Pacific,3,4.65,4.621428571428572,0.03,16,6,5.95,3.39,3.71,43.75,5,4.03,100.0,Western Union,Money transfer operator,bank account,0.0,-1.2999999999999998,1.2600000000000002,0.9400000000000004
FRACHN,2024_4Q,cc2,FRA,CHN,East Asia & Pacific,3,2.67,2.6405797101449275,0.03,16,6,4.455,2.12,2.23,43.75,5,2.34,100.0,Western Union,Money transfer operator,bank account,0.0,-1.7850000000000001,0.5499999999999998,0.43999999999999995
FRACHN,2025_1Q,cc1,FRA,CHN,East Asia & Pacific,3,5.029999999999999,5.021428571428572,0.01,18,6,4.03,2.97,3.11,55.55555555555556,5,4.03,100.0,Xoom,Money transfer operator,mobile wallet,20.0,0.9999999999999991,2.059999999999999,1.9199999999999995
FRACHN,2025_1Q,cc2,FRA,CHN,East Asia & Pacific,3,3.04,3.0347826086956524,0.01,18,6,3.11,1.24,2.11,44.44444444444444,5,2.34,100.0,Xoom,Money transfer operator,mobile wallet,0.0,-0.06999999999999984,1.8,0.9300000000000002
FRACHN,2025_3Q,cc1,FRA,CHN,East Asia & Pacific,3,3.75,3.75,0.0,16,6,4.05,1.05,2.215,37.5,5,3.47,60.0,Western Union,Money transfer operator,mobile wallet,0.0,-0.2999999999999998,2.7,1.5350000000000001
FRACHN,2025_3Q,cc2,FRA,CHN,East Asia & Pacific,3,2.48,2.4782608695652177,0.0,16,6,2.36,0.63,1.205,68.75,5,2.13,100.0,Western Union,Money transfer operator,mobile wallet,0.0,0.1200000000000001,1.85,1.275
FRAIND,2024_3Q,cc1,FRA,IND,South Asia,3,1.91,1.9,0.01,24,8,5.105,1.23,1.245,25.0,10,1.96,40.0,Remitly,Money transfer operator,bank account,0.0,-3.1950000000000003,0.6799999999999999,0.6649999999999998
FRAIND,2024_3Q,cc2,FRA,IND,South Asia,3,1.4,1.391304347826087,0.01,24,8,3.035,0.81,0.8250000000000001,33.33333333333333,10,1.135,60.0,Remitly,Money transfer operator,bank account,0.0,-1.6350000000000002,0.5899999999999999,0.5749999999999998
FRAIND,2024_4Q,cc1,FRA,IND,South Asia,3,1.87,1.8571428571428572,0.01,22,7,5.42,1.75,1.75,22.727272727272727,9,2.1,33.33333333333333,Remitly,Money transfer operator,bank account,0.0,-3.55,0.1200000000000001,0.1200000000000001
FRAIND,2024_4Q,cc2,FRA,IND,South Asia,3,1.4,1.391304347826087,0.01,22,7,3.46,1.23,1.312,31.818181818181817,9,1.33,55.55555555555556,WorldRemit,Money transfer operator,bank account,0.0,-2.06,0.16999999999999993,0.08799999999999986
FRAIND,2025_1Q,cc1,FRA,IND,South Asia,3,2.3,2.25,0.05,21,7,5.0200000000000005,1.7500000000000002,1.7500000000000002,28.57142857142857,8,2.26,50.0,Remitly,Money transfer operator,bank account,0.0,-2.7200000000000006,0.5499999999999996,0.5499999999999996
FRAIND,2025_1Q,cc2,FRA,IND,South Asia,3,1.8399999999999999,1.7855072463768118,0.05,21,7,3.62,1.18,1.23,38.095238095238095,8,1.2799999999999998,75.0,Western Union,Money transfer operator,bank account,0.0,-1.7800000000000002,0.6599999999999999,0.6099999999999999
FRAIND,2025_3Q,cc1,FRA,IND,South Asia,3,2.26,2.1857142857142855,0.07,25,10,4.09,1.4,1.566,36.0,12,2.23,58.333333333333336,Banque Populaire via Wise,Mixed / multiple types,bank account,0.0,-1.83,0.8599999999999999,0.6939999999999997
FRAIND,2025_3Q,cc2,FRA,IND,South Asia,3,1.79,1.7159420289855072,0.07,25,10,2.25,0.61,1.0860000000000003,44.0,12,1.39,75.0,ACE Money Transfer,Money transfer operator,bank account,0.0,-0.45999999999999996,1.1800000000000002,0.7039999999999997
FRAMAR,2024_3Q,cc1,FRA,MAR,Middle East & North Africa,3,5.37,5.357142857142857,0.01,34,11,3.9850000000000003,2.31,3.05,73.52941176470588,7,3.97,85.71428571428571,Attijariwafa Bank,Bank,bank account,0.0,1.3849999999999998,3.06,2.3200000000000003
FRAMAR,2024_3Q,cc2,FRA,MAR,Middle East & North Africa,3,3.67,3.6550724637681156,0.01,34,11,2.79,1.55,1.96,70.58823529411765,7,2.53,85.71428571428571,Ria,Money transfer operator,cash,25.0,0.8799999999999999,2.12,1.71
FRAMAR,2024_4Q,cc1,FRA,MAR,Middle East & North Africa,3,5.49,5.364285714285714,0.13,32,10,4.02,1.02,2.8289999999999997,84.375,9,3.66,100.0,TapTap Send,Money transfer operator,cash,14.814814814814813,1.4700000000000006,4.470000000000001,2.6610000000000005
FRAMAR,2024_4Q,cc2,FRA,MAR,Middle East & North Africa,3,3.79,3.6608695652173915,0.13,32,10,2.815,1.02,1.98,84.375,9,2.39,100.0,TapTap Send,Money transfer operator,cash,37.03703703703704,0.9750000000000001,2.77,1.81
FRAMAR,2025_1Q,cc1,FRA,MAR,Middle East & North Africa,3,5.74,5.742857142857142,0.0,32,12,3.6450000000000005,1.55,2.465,90.625,11,3.27,90.9090909090909,Attijariwafa Bank,Bank,bank account,13.793103448275861,2.0949999999999998,4.19,3.2750000000000004
FRAMAR,2025_1Q,cc2,FRA,MAR,Middle East & North Africa,3,4.04,4.043478260869565,0.0,32,12,2.4,0.91,1.71,90.625,11,2.4,90.9090909090909,Attijariwafa Bank,Bank,bank account,34.48275862068966,1.6400000000000001,3.13,2.33
FRAMAR,2025_3Q,cc1,FRA,MAR,"Middle East, North Africa, Afghanistan & Pakistan",3,5.7,5.678571428571429,0.02,34,16,3.1,1.46,1.469,91.17647058823529,13,2.56,100.0,Remitly,Money transfer operator,bank account,25.806451612903224,2.6,4.24,4.231
FRAMAR,2025_3Q,cc2,FRA,MAR,"Middle East, North Africa, Afghanistan & Pakistan",3,4.0,3.976811594202899,0.02,34,16,2.38,0.85,1.46,91.17647058823529,13,1.92,100.0,Attijariwafa Bank,Bank,bank account,25.806451612903224,1.62,3.15,2.54
FRAVNM,2024_3Q,cc1,FRA,VNM,East Asia & Pacific,3,3.08,3.021428571428572,0.02,15,5,2.77,0.94,1.6720000000000002,53.333333333333336,2,2.77,100.0,MoneyGram,Money transfer operator,cash,0.0,0.31000000000000005,2.14,1.408
FRAVNM,2024_3Q,cc2,FRA,VNM,East Asia & Pacific,3,2.32,2.2579710144927536,0.02,15,5,1.5,0.52,0.9120000000000001,53.333333333333336,2,1.5,100.0,MoneyGram,Money transfer operator,cash,0.0,0.8199999999999998,1.7999999999999998,1.4079999999999997
FRAVNM,2024_4Q,cc1,FRA,VNM,East Asia & Pacific,3,2.98,3.021428571428572,-0.05,13,4,3.85,3.03,3.03,0.0,2,3.03,0.0,Remitly,Money transfer operator,bank account,,-0.8700000000000001,-0.04999999999999982,-0.04999999999999982
FRAVNM,2024_4Q,cc2,FRA,VNM,East Asia & Pacific,3,2.2,2.2579710144927536,-0.05,13,4,1.99,1.76,1.76,61.53846153846154,2,1.76,100.0,Remitly,Money transfer operator,bank account,0.0,0.2100000000000002,0.44000000000000017,0.44000000000000017
FRAVNM,2025_1Q,cc1,FRA,VNM,East Asia & Pacific,3,2.82,2.8214285714285716,-0.16999999999999998,15,4,2.81,2.71,2.75,53.333333333333336,4,2.76,100.0,MoneyGram,Money transfer operator,bank account,0.0,0.009999999999999787,0.10999999999999988,0.06999999999999984
FRAVNM,2025_1Q,cc2,FRA,VNM,East Asia & Pacific,3,1.9,2.063768115942029,-0.16999999999999998,15,4,1.54,1.44,1.48,66.66666666666666,4,1.49,100.0,MoneyGram,Money transfer operator,bank account,0.0,0.3599999999999999,0.45999999999999996,0.41999999999999993
FRAVNM,2025_3Q,cc1,FRA,VNM,East Asia & Pacific,3,2.76,2.757142857142857,0.0,15,5,3.02,2.83,2.83,0.0,4,3.0700000000000003,0.0,Remitly,Money transfer operator,bank account,,-0.26000000000000023,-0.07000000000000028,-0.07000000000000028
FRAVNM,2025_3Q,cc2,FRA,VNM,East Asia & Pacific,3,1.99,1.9942028985507245,0.0,15,5,1.56,1.33,1.4220000000000002,53.333333333333336,4,1.8,50.0,MoneyGram,Money transfer operator,cash,0.0,0.42999999999999994,0.6599999999999999,0.5679999999999998
GBRBGD,2024_3Q,cc1,GBR,BGD,South Asia,3,7.3,3.6249999999999996,3.67,35,9,5.13,3.13,3.5780000000000003,62.857142857142854,7,5.13,57.14285714285714,Sonali Bank,Bank,bank account,54.54545454545454,2.17,4.17,3.7219999999999995
GBRBGD,2024_3Q,cc2,GBR,BGD,South Asia,3,5.77,2.0966666666666667,3.67,35,9,5.13,3.13,3.374,57.14285714285714,7,5.13,57.14285714285714,Sonali Bank,Bank,bank account,60.0,0.6399999999999997,2.6399999999999997,2.3959999999999995
GBRBGD,2024_4Q,cc1,GBR,BGD,South Asia,3,5.78,3.6249999999999996,2.15,27,7,4.04,0.64,2.27,70.37037037037037,6,4.905,50.0,Sendwave,Money transfer operator,mobile wallet,42.10526315789473,1.7400000000000002,5.140000000000001,3.5100000000000002
GBRBGD,2024_4Q,cc2,GBR,BGD,South Asia,3,4.25,2.0966666666666667,2.15,27,7,3.24,0.64,1.986,74.07407407407408,6,4.16,50.0,Sendwave,Money transfer operator,mobile wallet,40.0,1.0099999999999998,3.61,2.2640000000000002
GBRBGD,2025_1Q,cc1,GBR,BGD,South Asia,3,5.3,2.841666666666667,2.46,34,9,4.765,1.5599999999999998,1.8750000000000002,58.82352941176471,7,4.29,57.14285714285714,Sonali Bank,Bank,bank account,60.0,0.5350000000000001,3.74,3.425
GBRBGD,2025_1Q,cc2,GBR,BGD,South Asia,3,4.42,1.96,2.46,34,9,4.29,1.1199999999999999,1.5599999999999998,64.70588235294117,7,4.29,57.14285714285714,MoneyGram,Money transfer operator,cash,54.54545454545454,0.1299999999999999,3.3,2.8600000000000003
GBRBGD,2025_3Q,cc1,GBR,BGD,South Asia,3,5.6,2.95,2.65,29,9,4.97,2.41,2.41,55.172413793103445,7,4.08,57.14285714285714,Sonali Bank,Bank,cash,31.25,0.6299999999999999,3.1899999999999995,3.1899999999999995
GBRBGD,2025_3Q,cc2,GBR,BGD,South Asia,3,4.7,2.0500000000000003,2.65,29,9,3.97,2.41,2.41,65.51724137931035,7,3.58,57.14285714285714,Sonali Bank,Bank,cash,21.052631578947366,0.73,2.29,2.29
GBRBGR,2024_3Q,cc1,GBR,BGR,Europe & Central Asia,3,2.27,2.2583333333333333,0.01,20,4,6.06,1.86,4.884,10.0,5,5.22,40.0,MoneyGram,Money transfer operator,bank account,100.0,-3.7899999999999996,0.4099999999999999,-2.6140000000000003
GBRBGR,2024_3Q,cc2,GBR,BGR,Europe & Central Asia,3,1.73,1.72,0.01,20,4,4.06,1.86,3.354,0.0,5,3.73,0.0,MoneyGram,Money transfer operator,bank account,,-2.3299999999999996,-0.13000000000000012,-1.624
GBRBGR,2024_4Q,cc1,GBR,BGR,Europe & Central Asia,3,2.04,2.025,0.0,19,4,7.09,2.93,4.6339999999999995,0.0,5,5.06,0.0,MoneyGram,Money transfer operator,bank account,,-5.05,-0.8900000000000001,-2.5939999999999994
GBRBGR,2024_4Q,cc2,GBR,BGR,Europe & Central Asia,3,1.46,1.45,0.0,19,4,4.49,2.93,3.4419999999999997,0.0,5,3.57,0.0,MoneyGram,Money transfer operator,bank account,,-3.0300000000000002,-1.4700000000000002,-1.9819999999999998
GBRBGR,2025_1Q,cc1,GBR,BGR,Europe & Central Asia,3,2.03,2.0083333333333333,0.02,19,4,6.58,2.42,4.588,0.0,5,5.13,0.0,MoneyGram,Money transfer operator,bank account,,-4.550000000000001,-0.3900000000000001,-2.5580000000000003
GBRBGR,2025_1Q,cc2,GBR,BGR,Europe & Central Asia,3,1.47,1.45,0.02,19,4,4.08,2.42,3.396,0.0,5,3.64,0.0,MoneyGram,Money transfer operator,bank account,,-2.6100000000000003,-0.95,-1.926
GBRBGR,2025_3Q,cc1,GBR,BGR,Europe & Central Asia,6,1.9949999999999999,2.0125,0.0,16,4,6.375,2.6,4.0200000000000005,0.0,5,5.15,0.0,MoneyGram,Money transfer operator,bank account,,-4.38,-0.6050000000000002,-2.0250000000000004
GBRBGR,2025_3Q,cc2,GBR,BGR,Europe & Central Asia,6,1.43,1.45,0.0,16,4,4.125,2.6,3.2750000000000004,0.0,5,3.66,0.0,MoneyGram,Money transfer operator,bank account,,-2.6950000000000003,-1.1700000000000002,-1.8450000000000004
GBRBRA,2024_3Q,cc1,GBR,BRA,Latin America & Caribbean,3,1.77,1.7583333333333333,0.01,22,7,6.17,2.67,2.69,0.0,6,2.8899999999999997,0.0,Remitly,Money transfer operator,bank account,,-4.4,-0.8999999999999999,-0.9199999999999999
GBRBRA,2024_3Q,cc2,GBR,BRA,Latin America & Caribbean,3,1.5,1.4933333333333334,0.01,22,7,4.67,1.67,1.84,0.0,6,2.265,0.0,Remitly,Money transfer operator,bank account,,-3.17,-0.16999999999999993,-0.3400000000000001
GBRBRA,2024_4Q,cc1,GBR,BRA,Latin America & Caribbean,3,1.69,1.7666666666666668,-0.08,22,7,4.625,2.65,2.94,0.0,6,3.09,0.0,Remitly,Money transfer operator,bank account,,-2.935,-0.96,-1.25
GBRBRA,2024_4Q,cc2,GBR,BRA,Latin America & Caribbean,3,1.41,1.4933333333333334,-0.08,22,7,3.24,1.65,1.69,0.0,6,2.465,0.0,Remitly,Money transfer operator,bank account,,-1.8300000000000003,-0.24,-0.28
GBRBRA,2025_1Q,cc1,GBR,BRA,Latin America & Caribbean,3,2.07,2.0500000000000003,0.02,21,6,2.9000000000000004,1.32,2.48,4.761904761904762,6,2.8500000000000005,16.666666666666664,MoneyGram,Money transfer operator,bank account,100.0,-0.8300000000000005,0.7499999999999998,-0.41000000000000014
GBRBRA,2025_1Q,cc2,GBR,BRA,Latin America & Caribbean,3,1.7999999999999998,1.7766666666666666,0.02,21,6,2.32,1.32,1.48,42.857142857142854,6,1.6500000000000001,66.66666666666666,MoneyGram,Money transfer operator,bank account,11.11111111111111,-0.52,0.47999999999999976,0.31999999999999984
GBRBRA,2025_3Q,cc1,GBR,BRA,Latin America & Caribbean,3,2.04,2.041666666666667,0.0,26,8,2.45,0.85,0.99,38.46153846153847,9,1.41,66.66666666666666,Post Office UK via Western Union,Mixed / multiple types,bank account,70.0,-0.41000000000000014,1.19,1.05
GBRBRA,2025_3Q,cc2,GBR,BRA,Latin America & Caribbean,3,1.77,1.7733333333333334,0.0,26,8,1.45,0.8,0.85,57.692307692307686,9,0.99,88.88888888888889,Remitly,Money transfer operator,bank account,46.666666666666664,0.32000000000000006,0.97,0.92
GBRCHN,2024_3Q,cc1,GBR,CHN,East Asia & Pacific,3,4.12,4.083333333333334,0.04,18,4,7.3,1.47,2.2960000000000003,22.22222222222222,10,4.13,40.0,Remitly,Money transfer operator,bank account,50.0,-3.1799999999999997,2.6500000000000004,1.8239999999999998
GBRCHN,2024_3Q,cc2,GBR,CHN,East Asia & Pacific,3,2.32,2.283333333333333,0.04,18,4,4.8,1.22,2.0740000000000003,11.11111111111111,10,2.8899999999999997,20.0,Remitly,Money transfer operator,bank account,0.0,-2.48,1.0999999999999999,0.24599999999999955
GBRCHN,2024_4Q,cc1,GBR,CHN,East Asia & Pacific,3,4.17,4.141666666666667,0.03,18,4,6.31,3.1,3.25,44.44444444444444,10,3.82,80.0,Remitly,Money transfer operator,bank account,25.0,-2.1399999999999997,1.0699999999999998,0.9199999999999999
GBRCHN,2024_4Q,cc2,GBR,CHN,East Asia & Pacific,3,2.34,2.3066666666666666,0.03,18,4,3.81,1.61,2.06,16.666666666666664,10,3.09,30.0,Remitly,Money transfer operator,bank account,0.0,-1.4700000000000002,0.7299999999999998,0.2799999999999998
GBRCHN,2025_1Q,cc1,GBR,CHN,East Asia & Pacific,3,3.7600000000000002,3.758333333333333,-0.06999999999999999,17,4,4.05,2.63,2.9059999999999997,47.05882352941176,10,3.1399999999999997,80.0,MoneyGram,Money transfer operator,bank account,25.0,-0.2899999999999996,1.1300000000000003,0.8540000000000005
GBRCHN,2025_1Q,cc2,GBR,CHN,East Asia & Pacific,3,2.12,2.1866666666666665,-0.06999999999999999,17,4,2.63,1.6,2.0500000000000003,17.647058823529413,10,2.1399999999999997,30.0,Remitly,Money transfer operator,bank account,0.0,-0.5099999999999998,0.52,0.06999999999999984
GBRCHN,2025_3Q,cc1,GBR,CHN,East Asia & Pacific,3,3.33,3.325,0.0,20,5,3.57,0.72,1.233,45.0,13,3.57,46.15384615384615,MoneyGram,Money transfer operator,mobile wallet,55.55555555555556,-0.23999999999999977,2.6100000000000003,2.097
GBRCHN,2025_3Q,cc2,GBR,CHN,East Asia & Pacific,3,2.15,2.1500000000000004,0.0,20,5,2.085,0.72,1.233,55.00000000000001,13,2.08,61.53846153846154,MoneyGram,Money transfer operator,mobile wallet,45.45454545454545,0.06499999999999995,1.43,0.9169999999999998
GBRGHA,2025_3Q,cc1,GBR,GHA,Sub-Saharan Africa,3,3.8,3.775,0.02,32,11,1.3399999999999999,0.59,0.92,71.875,3,0.92,100.0,Unity Link,Money transfer operator,cash,73.91304347826086,2.46,3.21,2.88
GBRGHA,2025_3Q,cc2,GBR,GHA,Sub-Saharan Africa,3,3.01,2.99,0.02,32,11,1.3399999999999999,0.59,0.92,71.875,3,0.92,100.0,Unity Link,Money transfer operator,cash,73.91304347826086,1.67,2.42,2.09
GBRIND,2024_3Q,cc1,GBR,IND,South Asia,3,1.48,1.4583333333333333,0.02,26,10,2.46,0.56,1.35,19.230769230769234,10,2.46,20.0,Skrill,Money transfer operator,bank account,20.0,-0.98,0.9199999999999999,0.1299999999999999
GBRIND,2024_3Q,cc2,GBR,IND,South Asia,3,1.12,1.1033333333333335,0.02,26,10,1.4649999999999999,0.56,0.85,23.076923076923077,10,1.46,30.0,Skrill,Money transfer operator,bank account,33.33333333333333,-0.34499999999999975,0.56,0.27000000000000013
GBRIND,2024_4Q,cc1,GBR,IND,South Asia,3,1.49,1.4916666666666667,0.0,27,10,2.72,0.49,1.4,18.51851851851852,10,2.68,20.0,Skrill,Money transfer operator,bank account,20.0,-1.2300000000000002,1.0,0.09000000000000008
GBRIND,2024_4Q,cc2,GBR,IND,South Asia,3,1.11,1.1133333333333333,0.0,27,10,1.72,0.49,0.8640000000000001,22.22222222222222,10,1.68,30.0,Skrill,Money transfer operator,bank account,33.33333333333333,-0.6099999999999999,0.6200000000000001,0.246
GBRIND,2025_1Q,cc1,GBR,IND,South Asia,3,1.7500000000000002,1.7416666666666667,0.01,27,11,2.5100000000000002,0.49,1.27,22.22222222222222,11,2.1399999999999997,36.36363636363637,Skrill,Money transfer operator,bank account,16.666666666666664,-0.76,1.2600000000000002,0.4800000000000002
GBRIND,2025_1Q,cc2,GBR,IND,South Asia,3,1.4000000000000001,1.3866666666666667,0.01,27,11,1.43,0.49,0.766,44.44444444444444,11,1.1400000000000001,63.63636363636363,Skrill,Money transfer operator,bank account,16.666666666666664,-0.029999999999999805,0.9100000000000001,0.6340000000000001
GBRIND,2025_3Q,cc1,GBR,IND,South Asia,3,1.72,1.7249999999999999,0.0,25,11,2.11,0.15,0.6860000000000002,32.0,13,2.18,38.46153846153847,State Bank of India,Bank,bank account,37.5,-0.3899999999999999,1.57,1.0339999999999998
GBRIND,2025_3Q,cc2,GBR,IND,South Asia,3,1.38,1.38,0.0,25,11,0.96,0.15,0.484,76.0,13,0.74,76.92307692307693,State Bank of India,Bank,bank account,26.31578947368421,0.41999999999999993,1.23,0.8959999999999999
GBRKEN,2024_3Q,cc1,GBR,KEN,Sub-Saharan Africa,3,2.58,2.525,0.05,31,9,3.48,0.07,1.9,35.483870967741936,3,2.4,100.0,Sendwave,Money transfer operator,mobile wallet,81.81818181818183,-0.8999999999999999,2.5100000000000002,0.6800000000000002
GBRKEN,2024_3Q,cc2,GBR,KEN,Sub-Saharan Africa,3,1.91,1.856666666666667,0.05,31,9,3.48,0.07,1.5,19.35483870967742,3,2.4,33.33333333333333,Sendwave,Money transfer operator,mobile wallet,66.66666666666666,-1.57,1.8399999999999999,0.4099999999999999
GBRKEN,2024_4Q,cc1,GBR,KEN,Sub-Saharan Africa,3,2.75,2.5833333333333335,0.17,27,9,3.71,1.49,2.26,37.03703703703704,3,2.26,100.0,Skrill,Money transfer operator,mobile wallet,80.0,-0.96,1.26,0.4900000000000002
GBRKEN,2024_4Q,cc2,GBR,KEN,Sub-Saharan Africa,3,2.05,1.8766666666666667,0.17,27,9,3.43,1.49,2.2199999999999998,3.7037037037037033,3,2.26,0.0,Skrill,Money transfer operator,mobile wallet,100.0,-1.3800000000000003,0.5599999999999998,-0.16999999999999993
GBRKEN,2025_1Q,cc1,GBR,KEN,Sub-Saharan Africa,3,2.83,2.8166666666666664,0.01,27,9,4.01,1.5699999999999998,2.18,37.03703703703704,3,2.18,100.0,Skrill,Money transfer operator,mobile wallet,80.0,-1.1799999999999997,1.2600000000000002,0.6499999999999999
GBRKEN,2025_1Q,cc2,GBR,KEN,Sub-Saharan Africa,3,2.15,2.1399999999999997,0.01,27,9,3.38,1.5699999999999998,2.164,11.11111111111111,3,2.18,0.0,Skrill,Money transfer operator,mobile wallet,33.33333333333333,-1.23,0.5800000000000001,-0.014000000000000234
GBRKEN,2025_3Q,cc1,GBR,KEN,Sub-Saharan Africa,3,3.32,3.308333333333333,0.01,24,9,1.77,0.38,1.05,62.5,3,1.77,100.0,Sendwave,Money transfer operator,mobile wallet,80.0,1.5499999999999998,2.94,2.2699999999999996
GBRKEN,2025_3Q,cc2,GBR,KEN,Sub-Saharan Africa,3,2.35,2.34,0.01,24,9,1.77,0.38,0.55,58.333333333333336,3,1.77,100.0,Sendwave,Money transfer operator,mobile wallet,78.57142857142857,0.5800000000000001,1.9700000000000002,1.8
GBRLKA,2024_3Q,cc1,GBR,LKA,South Asia,3,2.51,2.475,0.03,23,5,3.42,2.79,2.81,0.0,5,3.42,0.0,Ria,Money transfer operator,cash,,-0.9100000000000001,-0.28000000000000025,-0.30000000000000027
GBRLKA,2024_3Q,cc2,GBR,LKA,South Asia,3,1.54,1.51,0.03,23,5,2.66,1.31,1.314,26.08695652173913,5,2.97,20.0,Global Exchange Ltd,Money transfer operator,cash,0.0,-1.12,0.22999999999999998,0.22599999999999998
GBRLKA,2024_4Q,cc1,GBR,LKA,South Asia,3,2.52,2.475,0.04,22,6,4.45,2.45,2.6260000000000003,4.545454545454546,5,3.62,0.0,Ria,Money transfer operator,cash,0.0,-1.9300000000000002,0.06999999999999984,-0.10600000000000032
GBRLKA,2024_4Q,cc2,GBR,LKA,South Asia,3,1.55,1.51,0.04,22,6,3.215,1.0,1.194,18.181818181818183,5,3.17,0.0,Ria,Money transfer operator,cash,0.0,-1.6649999999999998,0.55,0.3560000000000001
GBRLKA,2025_1Q,cc1,GBR,LKA,South Asia,3,2.78,2.7583333333333333,0.02,20,6,3.2399999999999998,1.39,2.41,30.0,5,2.4899999999999998,60.0,Western Union,Money transfer operator,bank account,0.0,-0.45999999999999996,1.39,0.36999999999999966
GBRLKA,2025_1Q,cc2,GBR,LKA,South Asia,3,1.81,1.7933333333333332,0.02,20,6,2.29,0.89,1.32,30.0,5,1.96,40.0,Western Union,Money transfer operator,bank account,0.0,-0.48,0.92,0.49
GBRLKA,2025_3Q,cc1,GBR,LKA,South Asia,3,2.78,2.7583333333333333,0.01,21,7,1.96,1.13,1.19,66.66666666666666,8,1.88,100.0,Remitly,Money transfer operator,bank account,21.428571428571427,0.8199999999999998,1.65,1.5899999999999999
GBRLKA,2025_3Q,cc2,GBR,LKA,South Asia,3,1.81,1.7933333333333332,0.01,21,7,1.01,0.68,0.69,61.904761904761905,8,1.01,62.5,Remitly,Money transfer operator,bank account,0.0,0.8,1.13,1.12
GBRNPL,2024_3Q,cc1,GBR,NPL,South Asia,3,1.97,1.975,-0.01,26,5,2.52,1.59,1.59,42.30769230769231,5,1.59,60.0,Remitly,Money transfer operator,bank account,54.54545454545454,-0.55,0.3799999999999999,0.3799999999999999
GBRNPL,2024_3Q,cc2,GBR,NPL,South Asia,3,1.29,1.3033333333333335,-0.01,26,5,2.145,1.05,1.065,19.230769230769234,5,1.59,0.0,Ria,Money transfer operator,cash,0.0,-0.855,0.24,0.2250000000000001
GBRNPL,2024_4Q,cc1,GBR,NPL,South Asia,3,2.22,2.2333333333333334,-0.01,22,4,2.465,1.58,1.58,40.909090909090914,6,1.685,100.0,Remitly,Money transfer operator,bank account,66.66666666666666,-0.24499999999999966,0.6400000000000001,0.6400000000000001
GBRNPL,2024_4Q,cc2,GBR,NPL,South Asia,3,1.55,1.5599999999999998,-0.01,22,4,1.745,1.22,1.54,18.181818181818183,6,1.58,16.666666666666664,Ria,Money transfer operator,cash,0.0,-0.19500000000000006,0.33000000000000007,0.010000000000000009
GBRNPL,2025_1Q,cc1,GBR,NPL,South Asia,3,2.91,2.8916666666666666,0.02,22,4,3.325,1.58,1.59,45.45454545454545,6,1.59,83.33333333333334,Western Union,Money transfer operator,bank account,60.0,-0.41500000000000004,1.33,1.32
GBRNPL,2025_1Q,cc2,GBR,NPL,South Asia,3,2.23,2.21,0.02,22,4,2.29,0.9199999999999999,1.3299999999999998,45.45454545454545,6,1.59,83.33333333333334,Ria,Money transfer operator,cash,60.0,-0.06000000000000005,1.31,0.9000000000000001
GBRNPL,2025_3Q,cc1,GBR,NPL,South Asia,3,2.84,2.841666666666667,0.0,18,4,1.86,1.18,1.18,55.55555555555556,5,1.18,100.0,Remitly,Money transfer operator,bank account,0.0,0.9799999999999998,1.66,1.66
GBRNPL,2025_3Q,cc2,GBR,NPL,South Asia,3,2.17,2.173333333333333,0.0,18,4,1.15,0.68,0.68,72.22222222222221,5,0.68,100.0,Remitly,Money transfer operator,bank account,0.0,1.02,1.4899999999999998,1.4899999999999998
GBRPAK,2024_3Q,cc1,GBR,PAK,South Asia,3,1.75,1.7916666666666667,-0.04,25,6,1.44,0.26,0.27,52.0,4,0.445,100.0,Ria,Money transfer operator,cash,92.3076923076923,0.31000000000000005,1.49,1.48
GBRPAK,2024_3Q,cc2,GBR,PAK,South Asia,3,1.25,1.29,-0.04,25,6,1.1,0.26,0.27,52.0,4,0.445,100.0,Ria,Money transfer operator,cash,92.3076923076923,0.1499999999999999,0.99,0.98
GBRPAK,2024_4Q,cc1,GBR,PAK,South Asia,3,1.73,1.7666666666666668,-0.04,27,6,1.17,0.05,0.27799999999999997,55.55555555555556,5,0.35,100.0,Remitly,Money transfer operator,bank account,100.0,0.56,1.68,1.452
GBRPAK,2024_4Q,cc2,GBR,PAK,South Asia,3,1.24,1.2799999999999998,-0.04,25,6,0.84,0.05,0.272,64.0,5,0.35,100.0,Remitly,Money transfer operator,bank account,75.0,0.4,1.19,0.968
GBRPAK,2025_1Q,cc1,GBR,PAK,South Asia,3,2.17,2.075,0.09,27,6,1.23,0.08,0.15,81.48148148148148,5,0.38,100.0,Remitly,Money transfer operator,bank account,77.27272727272727,0.94,2.09,2.02
GBRPAK,2025_1Q,cc2,GBR,PAK,South Asia,3,1.66,1.5733333333333333,0.09,24,6,0.835,0.08,0.15,79.16666666666666,5,0.38,100.0,Remitly,Money transfer operator,bank account,57.89473684210527,0.825,1.5799999999999998,1.51
GBRPAK,2025_3Q,cc1,GBR,PAK,"Middle East, North Africa, Afghanistan & Pakistan",3,2.19,2.0583333333333336,0.13,24,7,2.59,0.46,1.3,33.33333333333333,5,2.94,40.0,UBL,Bank,bank account,62.5,-0.3999999999999999,1.73,0.8899999999999999
GBRPAK,2025_3Q,cc2,GBR,PAK,"Middle East, North Africa, Afghanistan & Pakistan",3,1.7,1.5666666666666667,0.13,24,7,1.175,0.12,0.45,83.33333333333334,5,0.71,100.0,Ria,Money transfer operator,cash,80.0,0.5249999999999999,1.58,1.25
GBRPHL,2024_3Q,cc1,GBR,PHL,East Asia & Pacific,3,1.77,1.7416666666666667,0.03,44,8,3.84,0.89,1.54,15.909090909090908,11,2.92,18.181818181818183,MoneyGram,Money transfer operator,bank account,100.0,-2.07,0.88,0.22999999999999998
GBRPHL,2024_3Q,cc2,GBR,PHL,East Asia & Pacific,3,1.31,1.2799999999999998,0.03,44,8,2.16,0.89,1.45,4.545454545454546,11,1.6,18.181818181818183,MoneyGram,Money transfer operator,bank account,100.0,-0.8500000000000001,0.42000000000000004,-0.1399999999999999
GBRPHL,2024_4Q,cc1,GBR,PHL,East Asia & Pacific,3,1.76,1.7500000000000002,0.01,40,8,4.105,1.31,1.5,15.0,11,2.64,27.27272727272727,Paysend,Money transfer operator,bank account,83.33333333333334,-2.3450000000000006,0.44999999999999996,0.26
GBRPHL,2024_4Q,cc2,GBR,PHL,East Asia & Pacific,3,1.29,1.2833333333333334,0.01,40,8,2.215,0.81,1.5,2.5,11,1.64,9.090909090909092,Paysend,Money transfer operator,bank account,0.0,-0.9249999999999998,0.48,-0.20999999999999996
GBRPHL,2025_1Q,cc1,GBR,PHL,East Asia & Pacific,3,1.78,1.7583333333333333,0.02,39,8,3.5700000000000003,1.03,1.178,23.076923076923077,11,2.54,36.36363636363637,WorldRemit,Money transfer operator,mobile wallet,77.77777777777779,-1.7900000000000003,0.75,0.6020000000000001
GBRPHL,2025_1Q,cc2,GBR,PHL,East Asia & Pacific,3,1.48,1.46,0.02,39,8,1.82,0.67,1.156,28.205128205128204,11,1.54,45.45454545454545,Paysend,Money transfer operator,bank account,45.45454545454545,-0.3400000000000001,0.8099999999999999,0.32400000000000007
GBRPHL,2025_3Q,cc1,GBR,PHL,East Asia & Pacific,3,1.76,1.7500000000000002,0.01,35,9,3.13,0.44,0.7060000000000001,20.0,12,3.13,8.333333333333332,MoneyGram,Money transfer operator,mobile wallet,71.42857142857143,-1.3699999999999999,1.32,1.0539999999999998
GBRPHL,2025_3Q,cc2,GBR,PHL,East Asia & Pacific,3,1.47,1.4566666666666668,0.01,35,9,1.8,0.44,0.622,42.857142857142854,12,1.9649999999999999,41.66666666666667,MoneyGram,Money transfer operator,mobile wallet,33.33333333333333,-0.33000000000000007,1.03,0.848
GBRPOL,2024_3Q,cc1,GBR,POL,..,3,1.48,1.4416666666666667,0.04,29,8,2.51,0.17,0.5820000000000002,24.137931034482758,15,1.83,40.0,TransferGo,Money transfer operator,bank account,71.42857142857143,-1.0299999999999998,1.31,0.8979999999999998
GBRPOL,2024_3Q,cc2,GBR,POL,..,3,1.07,1.03,0.04,29,8,2.01,0.17,0.5920000000000002,24.137931034482758,15,1.82,40.0,TransferGo,Money transfer operator,bank account,71.42857142857143,-0.9399999999999997,0.9,0.47799999999999987
GBRPOL,2024_4Q,cc1,GBR,POL,..,3,1.52,1.475,0.04,28,8,2.47,0.01,0.318,25.0,15,1.9,40.0,TransferGo,Money transfer operator,bank account,71.42857142857143,-0.9500000000000002,1.51,1.202
GBRPOL,2024_4Q,cc2,GBR,POL,..,3,1.08,1.04,0.04,28,8,1.97,0.01,0.318,25.0,15,1.91,40.0,TransferGo,Money transfer operator,bank account,71.42857142857143,-0.8899999999999999,1.07,0.762
GBRPOL,2025_1Q,cc1,GBR,POL,..,3,1.7399999999999998,1.7249999999999999,0.01,30,8,2.54,0.02,0.61,30.0,16,1.7399999999999998,50.0,TransferGo,Money transfer operator,bank account,77.77777777777779,-0.8000000000000003,1.7199999999999998,1.13
GBRPOL,2025_1Q,cc2,GBR,POL,..,3,1.32,1.3133333333333335,0.01,29,8,2.04,0.38999999999999996,0.61,24.137931034482758,15,1.7500000000000002,40.0,TransferGo,Money transfer operator,bank account,71.42857142857143,-0.72,0.9300000000000002,0.7100000000000001
GBRPOL,2025_3Q,cc1,GBR,POL,..,3,1.73,1.7249999999999999,0.01,27,9,1.75,0.18,0.544,44.44444444444444,18,1.37,55.55555555555556,Tonio,Money transfer operator,bank account,83.33333333333334,-0.020000000000000018,1.55,1.186
GBRPOL,2025_3Q,cc2,GBR,POL,..,3,1.32,1.3133333333333335,0.01,27,9,1.25,0.18,0.49000000000000005,51.85185185185185,18,1.155,61.111111111111114,Tonio,Money transfer operator,bank account,57.14285714285714,0.07000000000000006,1.1400000000000001,0.8300000000000001
GBRROU,2024_3Q,cc1,GBR,ROU,Europe & Central Asia,3,1.55,1.5416666666666667,0.01,21,5,3.33,0.24,0.84,23.809523809523807,8,1.18,62.5,Remitly,Money transfer operator,bank account,100.0,-1.78,1.31,0.7100000000000001
GBRROU,2024_3Q,cc2,GBR,ROU,Europe & Central Asia,3,1.08,1.0666666666666669,0.01,21,5,2.47,0.24,0.84,14.285714285714285,8,1.18,37.5,Remitly,Money transfer operator,bank account,100.0,-1.3900000000000001,0.8400000000000001,0.2400000000000001
GBRROU,2024_4Q,cc1,GBR,ROU,Europe & Central Asia,3,1.56,1.5583333333333333,0.0,22,5,3.79,0.76,0.9400000000000001,22.727272727272727,8,1.3,62.5,MoneyGram,Money transfer operator,bank account,100.0,-2.23,0.8,0.62
GBRROU,2024_4Q,cc2,GBR,ROU,Europe & Central Asia,3,1.07,1.0699999999999998,0.0,22,5,2.385,0.76,0.9400000000000001,13.636363636363635,8,1.3,37.5,MoneyGram,Money transfer operator,bank account,100.0,-1.3149999999999997,0.31000000000000005,0.13
GBRROU,2025_1Q,cc1,GBR,ROU,Europe & Central Asia,3,1.83,1.825,0.0,23,5,3.1199999999999997,0.9400000000000001,1.108,21.73913043478261,8,1.34,62.5,Remitly,Money transfer operator,bank account,100.0,-1.2899999999999996,0.89,0.722
GBRROU,2025_1Q,cc2,GBR,ROU,Europe & Central Asia,3,1.35,1.35,0.0,23,5,1.72,0.9400000000000001,1.01,30.434782608695656,8,1.34,62.5,Remitly,Money transfer operator,bank account,71.42857142857143,-0.3699999999999999,0.41000000000000003,0.3400000000000001
GBRROU,2025_3Q,cc1,GBR,ROU,Europe & Central Asia,3,1.83,1.825,0.0,21,5,2.84,0.95,1.27,28.57142857142857,10,1.4300000000000002,60.0,Remitly,Money transfer operator,bank account,100.0,-1.0099999999999998,0.8800000000000001,0.56
GBRROU,2025_3Q,cc2,GBR,ROU,Europe & Central Asia,3,1.35,1.35,0.0,21,5,1.51,0.95,1.21,28.57142857142857,10,1.425,30.0,Remitly,Money transfer operator,bank account,50.0,-0.15999999999999992,0.40000000000000013,0.14000000000000012
GBRTHA,2024_3Q,cc1,GBR,THA,East Asia & Pacific,3,1.93,1.9,0.03,26,7,4.44,3.44,3.525,0.0,8,3.8149999999999995,0.0,WorldRemit,Money transfer operator,bank account,,-2.5100000000000007,-1.51,-1.595
GBRTHA,2024_3Q,cc2,GBR,THA,East Asia & Pacific,3,1.34,1.3066666666666666,0.03,26,7,3.44,2.72,2.92,0.0,8,3.44,0.0,Ria,Money transfer operator,cash,,-2.0999999999999996,-1.3800000000000001,-1.5799999999999998
GBRTHA,2024_4Q,cc1,GBR,THA,East Asia & Pacific,3,1.94,1.9416666666666669,0.0,26,7,4.26,3.38,3.425,0.0,8,3.6500000000000004,0.0,WorldRemit,Money transfer operator,bank account,,-2.32,-1.44,-1.4849999999999999
GBRTHA,2024_4Q,cc2,GBR,THA,East Asia & Pacific,3,1.35,1.35,0.0,26,7,3.385,2.87,2.93,0.0,8,3.32,0.0,Kapook,Money transfer operator,bank account,,-2.0349999999999997,-1.52,-1.58
GBRTHA,2025_1Q,cc1,GBR,THA,East Asia & Pacific,3,2.26,2.225,0.03,26,7,4.3100000000000005,3.32,3.465,0.0,8,3.9349999999999996,0.0,WorldRemit,Money transfer operator,bank account,,-2.0500000000000007,-1.06,-1.205
GBRTHA,2025_1Q,cc2,GBR,THA,East Asia & Pacific,3,1.66,1.6333333333333335,0.03,26,7,3.35,2.75,2.755,0.0,8,3.38,0.0,Western Union,Money transfer operator,cash,,-1.6900000000000002,-1.09,-1.095
GBRTHA,2025_3Q,cc1,GBR,THA,East Asia & Pacific,3,2.3,2.225,0.07,22,7,4.38,3.41,3.424,0.0,8,3.87,0.0,WorldRemit,Money transfer operator,bank account,,-2.08,-1.1100000000000003,-1.124
GBRTHA,2025_3Q,cc2,GBR,THA,East Asia & Pacific,3,1.7,1.6333333333333335,0.07,22,7,3.38,1.8,3.04,0.0,8,3.395,0.0,MoneyGram,Money transfer operator,cash,,-1.68,-0.10000000000000009,-1.34
GBRTZA,2024_3Q,cc1,GBR,TZA,Sub-Saharan Africa,3,2.63,2.325,0.3,17,5,6.68,2.22,2.5980000000000003,11.76470588235294,0,,,MoneyGram,Money transfer operator,mobile wallet,100.0,-4.05,0.4099999999999997,0.031999999999999584
GBRTZA,2024_3Q,cc2,GBR,TZA,Sub-Saharan Africa,3,2.04,1.7366666666666666,0.3,17,5,4.58,2.22,2.5980000000000003,0.0,0,,,MoneyGram,Money transfer operator,mobile wallet,,-2.54,-0.18000000000000016,-0.5580000000000003
GBRTZA,2024_4Q,cc1,GBR,TZA,Sub-Saharan Africa,3,2.89,2.558333333333333,0.33,24,7,2.66,1.59,1.59,54.166666666666664,3,1.59,100.0,Remitly,Money transfer operator,cash,100.0,0.22999999999999998,1.3,1.3
GBRTZA,2024_4Q,cc2,GBR,TZA,Sub-Saharan Africa,3,2.3,1.97,0.33,24,7,2.66,1.59,1.59,25.0,3,1.59,100.0,Remitly,Money transfer operator,cash,100.0,-0.3600000000000003,0.7099999999999997,0.7099999999999997
GBRTZA,2025_1Q,cc1,GBR,TZA,Sub-Saharan Africa,3,3.37,2.666666666666667,0.63,13,4,6.84,1.92,2.3520000000000003,15.384615384615385,0,,,CashMinute,Money transfer operator,mobile wallet,0.0,-3.4699999999999998,1.4500000000000002,1.0179999999999998
GBRTZA,2025_1Q,cc2,GBR,TZA,Sub-Saharan Africa,3,2.79,2.076666666666667,0.65,13,4,5.319999999999999,1.58,2.0800000000000005,15.384615384615385,0,,,CashMinute,Money transfer operator,mobile wallet,0.0,-2.5299999999999994,1.21,0.7099999999999995
GBRTZA,2025_3Q,cc1,GBR,TZA,Sub-Saharan Africa,3,6.0,4.066666666666666,1.93,21,7,3.91,1.08,2.21,80.95238095238095,3,2.21,100.0,Sendwave,Money transfer operator,mobile wallet,76.47058823529412,2.09,4.92,3.79
GBRTZA,2025_3Q,cc2,GBR,TZA,Sub-Saharan Africa,3,5.41,3.4799999999999995,1.93,21,7,3.91,1.08,2.21,85.71428571428571,3,2.21,100.0,Sendwave,Money transfer operator,mobile wallet,72.22222222222221,1.5,4.33,3.2
GBRUGA,2024_3Q,cc1,GBR,UGA,Sub-Saharan Africa,3,1.93,1.9333333333333331,0.0,30,8,4.43,1.19,2.06,6.666666666666667,3,4.43,0.0,ACE Money Transfer,Money transfer operator,mobile wallet,0.0,-2.5,0.74,-0.13000000000000012
GBRUGA,2024_3Q,cc2,GBR,UGA,Sub-Saharan Africa,3,1.37,1.37,0.0,30,8,3.93,0.69,2.06,6.666666666666667,3,3.93,0.0,ACE Money Transfer,Money transfer operator,mobile wallet,0.0,-2.56,0.6800000000000002,-0.69
GBRUGA,2024_4Q,cc1,GBR,UGA,Sub-Saharan Africa,3,1.92,1.875,0.04,31,9,4.47,2.28,2.38,0.0,3,4.47,0.0,ACE Money Transfer,Money transfer operator,mobile wallet,,-2.55,-0.3599999999999999,-0.45999999999999996
GBRUGA,2024_4Q,cc2,GBR,UGA,Sub-Saharan Africa,3,1.39,1.3466666666666667,0.04,31,9,3.97,1.78,2.38,0.0,3,3.97,0.0,ACE Money Transfer,Money transfer operator,mobile wallet,,-2.58,-0.3900000000000001,-0.99
GBRUGA,2025_1Q,cc1,GBR,UGA,Sub-Saharan Africa,3,2.46,2.4,0.06,30,8,4.3999999999999995,1.52,1.8599999999999999,30.0,3,4.3999999999999995,0.0,Sendwave,Money transfer operator,mobile wallet,77.77777777777779,-1.9399999999999995,0.94,0.6000000000000001
GBRUGA,2025_1Q,cc2,GBR,UGA,Sub-Saharan Africa,3,1.8900000000000001,1.8333333333333333,0.06,30,8,3.9,1.3599999999999999,1.655,13.333333333333334,3,3.9,0.0,ACE Money Transfer,Money transfer operator,mobile wallet,50.0,-2.01,0.5300000000000002,0.2350000000000001
GBRUGA,2025_3Q,cc1,GBR,UGA,Sub-Saharan Africa,3,2.15,2.2666666666666666,-0.12,31,10,4.4,1.27,1.32,29.03225806451613,3,4.4,0.0,Sendwave,Money transfer operator,mobile wallet,77.77777777777779,-2.2500000000000004,0.8799999999999999,0.8299999999999998
GBRUGA,2025_3Q,cc2,GBR,UGA,Sub-Saharan Africa,3,1.57,1.6933333333333336,-0.12,31,10,3.9,1.27,1.32,22.58064516129032,3,3.9,0.0,Sendwave,Money transfer operator,mobile wallet,71.42857142857143,-2.33,0.30000000000000004,0.25
GBRVNM,2024_3Q,cc1,GBR,VNM,East Asia & Pacific,3,2.25,2.2500000000000004,0.0,23,5,5.35,1.43,3.0360000000000005,4.3478260869565215,7,3.7,14.285714285714285,Skrill,Money transfer operator,bank account,100.0,-3.0999999999999996,0.8200000000000001,-0.7860000000000005
GBRVNM,2024_3Q,cc2,GBR,VNM,East Asia & Pacific,3,1.59,1.5866666666666664,0.0,23,5,2.85,1.43,1.9380000000000002,4.3478260869565215,7,2.21,14.285714285714285,Skrill,Money transfer operator,bank account,100.0,-1.26,0.16000000000000014,-0.3480000000000001
GBRVNM,2024_4Q,cc1,GBR,VNM,East Asia & Pacific,3,2.47,2.5416666666666665,-0.07,24,6,5.51,1.37,2.81,8.333333333333332,8,3.64,25.0,Skrill,Money transfer operator,bank account,50.0,-3.0399999999999996,1.1,-0.33999999999999986
GBRVNM,2024_4Q,cc2,GBR,VNM,East Asia & Pacific,3,1.78,1.87,-0.09,24,6,3.09,1.34,1.81,8.333333333333332,8,2.15,25.0,Paysend,Money transfer operator,bank account,50.0,-1.3099999999999998,0.43999999999999995,-0.030000000000000027
GBRVNM,2025_1Q,cc1,GBR,VNM,East Asia & Pacific,3,2.34,2.3416666666666663,0.0,24,6,4.8149999999999995,0.79,1.5020000000000002,16.666666666666664,8,2.74,37.5,Remitly,Money transfer operator,bank account,75.0,-2.4749999999999996,1.5499999999999998,0.8379999999999996
GBRVNM,2025_1Q,cc2,GBR,VNM,East Asia & Pacific,3,1.67,1.6733333333333333,0.0,24,6,2.6500000000000004,0.79,1.328,16.666666666666664,8,1.7399999999999998,37.5,Remitly,Money transfer operator,bank account,75.0,-0.9800000000000004,0.8799999999999999,0.34199999999999986
GBRVNM,2025_3Q,cc1,GBR,VNM,East Asia & Pacific,3,2.33,2.333333333333333,0.0,22,7,3.22,0.73,1.37,31.818181818181817,11,1.67,54.54545454545454,Remitly,Money transfer operator,bank account,85.71428571428571,-0.8900000000000001,1.6,0.96
GBRVNM,2025_3Q,cc2,GBR,VNM,East Asia & Pacific,3,1.67,1.6733333333333333,0.0,22,7,1.79,0.73,1.08,18.181818181818183,11,1.67,27.27272727272727,Remitly,Money transfer operator,bank account,75.0,-0.1200000000000001,0.94,0.5899999999999999
GBRZAF,2024_3Q,cc1,GBR,ZAF,Sub-Saharan Africa,3,6.14,6.141666666666667,0.0,22,7,6.3100000000000005,2.08,2.54,50.0,8,3.98,100.0,Remitly,Money transfer operator,bank account,27.27272727272727,-0.17000000000000082,4.06,3.5999999999999996
GBRZAF,2024_3Q,cc2,GBR,ZAF,Sub-Saharan Africa,3,3.0,3.0033333333333334,0.0,22,7,4.51,1.58,1.927,27.27272727272727,8,2.645,62.5,Remitly,Money transfer operator,bank account,0.0,-1.5099999999999998,1.42,1.073
GBRZAF,2024_4Q,cc1,GBR,ZAF,Sub-Saharan Africa,3,6.2,6.191666666666666,0.01,22,7,6.234999999999999,2.19,2.613,50.0,8,3.99,100.0,Remitly,Money transfer operator,bank account,27.27272727272727,-0.034999999999999254,4.01,3.587
GBRZAF,2024_4Q,cc2,GBR,ZAF,Sub-Saharan Africa,3,3.06,3.046666666666667,0.01,22,7,4.359999999999999,1.69,2.053,22.727272727272727,8,2.98,50.0,Remitly,Money transfer operator,bank account,0.0,-1.2999999999999994,1.37,1.0070000000000001
GBRZAF,2025_1Q,cc1,GBR,ZAF,Sub-Saharan Africa,3,6.47,6.466666666666667,0.0,22,7,5.7250000000000005,2.09,2.5800000000000005,54.54545454545454,8,4.65,100.0,Remitly,Money transfer operator,bank account,25.0,0.7449999999999992,4.38,3.8899999999999992
GBRZAF,2025_1Q,cc2,GBR,ZAF,Sub-Saharan Africa,3,3.3300000000000005,3.3300000000000005,0.0,22,7,4.76,1.59,1.951,36.36363636363637,8,2.95,62.5,Remitly,Money transfer operator,bank account,0.0,-1.4299999999999993,1.7400000000000004,1.3790000000000004
GBRZAF,2025_3Q,cc1,GBR,ZAF,Sub-Saharan Africa,3,6.47,6.466666666666667,0.0,21,8,5.72,2.07,2.39,57.14285714285714,9,4.0,100.0,MoneyGram,Money transfer operator,bank account,33.33333333333333,0.75,4.4,4.08
GBRZAF,2025_3Q,cc2,GBR,ZAF,Sub-Saharan Africa,3,3.33,3.3300000000000005,0.0,21,8,4.01,1.6,1.89,42.857142857142854,9,2.74,66.66666666666666,Remitly,Money transfer operator,bank account,11.11111111111111,-0.6799999999999997,1.73,1.4400000000000002
ITABGD,2024_3Q,cc1,ITA,BGD,South Asia,3,7.85,4.0357142857142865,3.81,32,13,6.025,0.27,5.05,65.625,7,5.05,71.42857142857143,MoneyGram,Money transfer operator,bank account,42.857142857142854,1.8249999999999993,7.58,2.8
ITABGD,2024_3Q,cc2,ITA,BGD,South Asia,3,6.19,2.382608695652174,3.81,32,13,5.05,0.27,4.63,68.75,7,5.05,57.14285714285714,MoneyGram,Money transfer operator,bank account,40.909090909090914,1.1400000000000006,5.92,1.5600000000000005
ITABGD,2024_4Q,cc1,ITA,BGD,South Asia,3,7.29,3.957142857142857,3.33,29,13,6.13,1.29,2.5860000000000003,72.41379310344827,5,6.13,80.0,Poste Italiane via Western Union,Mixed / multiple types,cash,38.095238095238095,1.1600000000000001,6.0,4.704
ITABGD,2024_4Q,cc2,ITA,BGD,South Asia,3,5.7,2.3739130434782605,3.33,29,13,5.06,0.87,2.2880000000000003,65.51724137931035,5,6.13,40.0,Poste Italiane via Western Union,Mixed / multiple types,cash,36.84210526315789,0.6400000000000006,4.83,3.412
ITABGD,2025_1Q,cc1,ITA,BGD,South Asia,3,7.88,4.378571428571428,3.5000000000000004,31,13,6.13,1.92,4.08,64.51612903225806,7,4.760000000000001,85.71428571428571,TapTap Send,Money transfer operator,mobile wallet,40.0,1.75,5.96,3.8
ITABGD,2025_1Q,cc2,ITA,BGD,South Asia,3,6.2700000000000005,2.773913043478261,3.5000000000000004,31,13,4.92,1.92,3.66,67.74193548387096,7,4.760000000000001,71.42857142857143,TapTap Send,Money transfer operator,mobile wallet,38.095238095238095,1.3500000000000005,4.3500000000000005,2.6100000000000003
ITABGD,2025_3Q,cc1,ITA,BGD,South Asia,3,7.0,3.3357142857142854,3.66,27,12,6.62,2.98,4.8759999999999994,74.07407407407408,7,5.32,85.71428571428571,Poste Italiane via Western Union,Mixed / multiple types,cash,5.0,0.3799999999999999,4.02,2.1240000000000006
ITABGD,2025_3Q,cc2,ITA,BGD,South Asia,3,6.01,2.350724637681159,3.66,27,12,5.36,2.56,3.59,74.07407407407408,7,4.9,71.42857142857143,Poste Italiane via Western Union,Mixed / multiple types,cash,5.0,0.6499999999999995,3.4499999999999997,2.42
ITABRA,2024_3Q,cc1,ITA,BRA,Latin America & Caribbean,3,2.24,2.2,0.04,18,9,5.67,2.68,3.27,0.0,6,3.33,0.0,Poste Italiane via Western Union,Mixed / multiple types,cash,,-3.4299999999999997,-0.43999999999999995,-1.0299999999999998
ITABRA,2024_3Q,cc2,ITA,BRA,Latin America & Caribbean,3,1.82,1.7797101449275363,0.04,18,9,4.565,2.3,2.46,0.0,6,2.49,0.0,Poste Italiane via Western Union,Mixed / multiple types,cash,,-2.745,-0.47999999999999976,-0.6399999999999999
ITABRA,2024_4Q,cc1,ITA,BRA,Latin America & Caribbean,3,2.09,2.1928571428571426,-0.1,18,9,5.92,2.59,2.92,0.0,4,4.15,0.0,Poste Italiane via Western Union,Mixed / multiple types,cash,,-3.83,-0.5,-0.8300000000000001
ITABRA,2024_4Q,cc2,ITA,BRA,Latin America & Caribbean,3,1.68,1.7826086956521743,-0.1,18,9,4.955,2.08,2.143,0.0,4,3.73,0.0,Remitly,Money transfer operator,bank account,,-3.2750000000000004,-0.40000000000000013,-0.46299999999999986
ITABRA,2025_1Q,cc1,ITA,BRA,Latin America & Caribbean,3,2.56,2.55,0.01,20,10,5.57,2.23,2.39,15.0,6,2.91,33.33333333333333,Poste Italiane via Western Union,Mixed / multiple types,cash,0.0,-3.0100000000000002,0.33000000000000007,0.16999999999999993
ITABRA,2025_1Q,cc2,ITA,BRA,Latin America & Caribbean,3,2.18,2.1681159420289857,0.01,20,10,4.609999999999999,1.7500000000000002,1.804,25.0,6,2.07,66.66666666666666,Ria,Money transfer operator,bank account,0.0,-2.4299999999999993,0.42999999999999994,0.3760000000000001
ITABRA,2025_3Q,cc1,ITA,BRA,Latin America & Caribbean,3,2.49,2.4857142857142858,0.0,16,8,3.79,1.97,2.26,18.75,9,2.92,22.22222222222222,Poste Italiane via Western Union,Mixed / multiple types,cash,0.0,-1.2999999999999998,0.5200000000000002,0.23000000000000043
ITABRA,2025_3Q,cc2,ITA,BRA,Latin America & Caribbean,3,2.1,2.101449275362319,0.0,16,8,2.52,1.55,1.8399999999999999,43.75,9,2.08,66.66666666666666,Poste Italiane via Western Union,Mixed / multiple types,cash,0.0,-0.41999999999999993,0.55,0.26000000000000023
ITACHN,2024_3Q,cc1,ITA,CHN,East Asia & Pacific,3,4.29,4.235714285714286,0.05,8,5,4.0,2.53,2.53,62.5,2,2.53,100.0,MoneyGram,Money transfer operator,bank account,40.0,0.29000000000000004,1.7600000000000002,1.7600000000000002
ITACHN,2024_3Q,cc2,ITA,CHN,East Asia & Pacific,3,2.31,2.2608695652173916,0.05,8,5,2.92,2.31,2.31,0.0,2,2.53,0.0,Remitly,Money transfer operator,mobile wallet,,-0.6099999999999999,0.0,0.0
ITACHN,2024_4Q,cc1,ITA,CHN,East Asia & Pacific,3,4.65,4.621428571428572,0.03,11,6,5.91,3.35,3.35,45.45454545454545,2,3.35,100.0,MoneyGram,Money transfer operator,bank account,40.0,-1.2599999999999998,1.3000000000000003,1.3000000000000003
ITACHN,2024_4Q,cc2,ITA,CHN,East Asia & Pacific,3,2.67,2.6405797101449275,0.03,11,6,4.68,2.37,2.37,18.181818181818183,2,3.35,0.0,Remitly,Money transfer operator,mobile wallet,0.0,-2.01,0.2999999999999998,0.2999999999999998
ITACHN,2025_1Q,cc1,ITA,CHN,East Asia & Pacific,3,5.1,5.078571428571429,0.02,11,6,5.84,3.25,3.25,45.45454545454545,2,3.25,100.0,MoneyGram,Money transfer operator,bank account,0.0,-0.7400000000000002,1.8499999999999996,1.8499999999999996
ITACHN,2025_1Q,cc2,ITA,CHN,East Asia & Pacific,3,3.08,3.057971014492754,0.02,11,6,4.61,2.36,2.36,36.36363636363637,2,2.83,100.0,Remitly,Money transfer operator,mobile wallet,0.0,-1.5300000000000002,0.7200000000000002,0.7200000000000002
ITACHN,2025_3Q,cc1,ITA,CHN,East Asia & Pacific,3,3.75,3.75,0.0,12,7,4.07,0.78,0.9000000000000001,33.33333333333333,2,2.25,100.0,Paysend,Money transfer operator,mobile wallet,0.0,-0.3200000000000003,2.9699999999999998,2.8499999999999996
ITACHN,2025_3Q,cc2,ITA,CHN,East Asia & Pacific,3,2.48,2.4782608695652177,0.0,12,7,2.785,0.78,0.8580000000000001,50.0,2,1.83,100.0,Paysend,Money transfer operator,mobile wallet,0.0,-0.30500000000000016,1.7,1.6219999999999999
ITAEGY,2024_3Q,cc1,ITA,EGY,Middle East & North Africa,3,6.64,6.628571428571428,0.01,17,9,7.74,1.28,1.6640000000000001,47.05882352941176,4,2.485,100.0,MoneyGram,Money transfer operator,bank account,50.0,-1.1000000000000005,5.359999999999999,4.975999999999999
ITAEGY,2024_3Q,cc2,ITA,EGY,Middle East & North Africa,3,3.47,3.4637681159420284,0.01,17,9,6.7,1.28,1.436,35.294117647058826,4,2.485,50.0,MoneyGram,Money transfer operator,bank account,33.33333333333333,-3.23,2.1900000000000004,2.0340000000000003
ITAEGY,2024_4Q,cc1,ITA,EGY,Middle East & North Africa,3,6.96,6.6000000000000005,0.36,22,11,7.76,1.88,2.44,40.909090909090914,5,3.7,100.0,MoneyGram,Money transfer operator,bank account,55.55555555555556,-0.7999999999999998,5.08,4.52
ITAEGY,2024_4Q,cc2,ITA,EGY,Middle East & North Africa,3,3.88,3.518840579710145,0.36,22,11,6.475,1.88,1.9529999999999998,36.36363636363637,5,3.7,100.0,MoneyGram,Money transfer operator,bank account,62.5,-2.5949999999999998,2.0,1.927
ITAEGY,2025_1Q,cc1,ITA,EGY,Middle East & North Africa,3,7.01,6.992857142857142,0.02,22,11,9.559999999999999,1.5699999999999998,1.5899999999999999,45.45454545454545,5,1.5699999999999998,100.0,Western Union,Money transfer operator,bank account,30.0,-2.549999999999999,5.4399999999999995,5.42
ITAEGY,2025_1Q,cc2,ITA,EGY,Middle East & North Africa,3,3.93,3.907246376811594,0.02,22,11,7.6,1.35,1.5699999999999998,40.909090909090914,5,1.5699999999999998,100.0,Poste Italiane via Western Union,Mixed / multiple types,cash,33.33333333333333,-3.6699999999999995,2.58,2.3600000000000003
ITAEGY,2025_3Q,cc1,ITA,EGY,"Middle East, North Africa, Afghanistan & Pakistan",3,6.93,6.914285714285715,0.02,17,9,5.3,1.82,2.328,52.94117647058824,5,3.37,100.0,Poste Italiane via Western Union,Mixed / multiple types,cash,0.0,1.63,5.109999999999999,4.602
ITAEGY,2025_3Q,cc2,ITA,EGY,"Middle East, North Africa, Afghanistan & Pakistan",3,3.86,3.8376811594202898,0.02,17,9,3.87,1.4,1.908,47.05882352941176,5,2.53,100.0,Poste Italiane via Western Union,Mixed / multiple types,cash,0.0,-0.010000000000000231,2.46,1.952
ITALKA,2024_3Q,cc1,ITA,LKA,South Asia,3,2.97,2.9,0.07,26,9,5.26,0.6,1.96,23.076923076923077,6,2.265,66.66666666666666,MoneyGram,Money transfer operator,bank account,66.66666666666666,-2.2899999999999996,2.37,1.0100000000000002
ITALKA,2024_3Q,cc2,ITA,LKA,South Asia,3,1.87,1.7971014492753623,0.07,26,9,3.88,0.6,1.825,11.538461538461538,6,2.265,33.33333333333333,MoneyGram,Money transfer operator,bank account,66.66666666666666,-2.01,1.27,0.04500000000000015
ITALKA,2024_4Q,cc1,ITA,LKA,South Asia,3,2.87,2.857142857142857,0.01,28,11,5.91,1.98,2.477,25.0,6,2.86,66.66666666666666,Skrill,Money transfer operator,bank account,57.14285714285714,-3.04,0.8900000000000001,0.39300000000000024
ITALKA,2024_4Q,cc2,ITA,LKA,South Asia,3,1.81,1.7971014492753623,0.01,28,11,4.51,1.78,2.169,3.571428571428571,6,2.86,0.0,National Exchange Company,Money transfer operator,cash,0.0,-2.6999999999999997,0.030000000000000027,-0.359
ITALKA,2025_1Q,cc1,ITA,LKA,South Asia,3,3.27,3.25,0.02,27,11,3.51,2.06,2.46,48.148148148148145,6,2.6399999999999997,100.0,Skrill,Money transfer operator,mobile wallet,15.384615384615385,-0.23999999999999977,1.21,0.81
ITALKA,2025_1Q,cc2,ITA,LKA,South Asia,3,2.21,2.1884057971014492,0.02,29,11,2.56,1.28,1.6199999999999999,34.48275862068966,6,2.405,33.33333333333333,Western Union,Money transfer operator,cash,10.0,-0.3500000000000001,0.9299999999999999,0.5900000000000001
ITALKA,2025_3Q,cc1,ITA,LKA,South Asia,3,3.2,3.1857142857142855,0.01,23,9,2.5,1.66,2.114,60.86956521739131,6,2.5,83.33333333333334,MoneyGram,Money transfer operator,bank account,7.142857142857142,0.7000000000000002,1.5400000000000003,1.0860000000000003
ITALKA,2025_3Q,cc2,ITA,LKA,South Asia,3,2.13,2.121739130434783,0.01,23,9,1.66,1.21,1.298,56.52173913043478,6,1.66,66.66666666666666,MoneyGram,Money transfer operator,cash,0.0,0.47,0.9199999999999999,0.8319999999999999
ITAMAR,2024_3Q,cc1,ITA,MAR,Middle East & North Africa,3,5.37,5.357142857142857,0.01,31,13,4.83,0.86,2.23,58.06451612903226,6,4.39,100.0,Poste Italiane via Western Union,Mixed / multiple types,cash,22.22222222222222,0.54,4.51,3.14
ITAMAR,2024_3Q,cc2,ITA,MAR,Middle East & North Africa,3,3.67,3.6550724637681156,0.01,31,13,3.35,0.48,1.6,51.61290322580645,6,3.12,66.66666666666666,Poste Italiane via Western Union,Mixed / multiple types,cash,25.0,0.31999999999999984,3.19,2.07
ITAMAR,2024_4Q,cc1,ITA,MAR,Middle East & North Africa,3,5.49,5.364285714285714,0.13,31,13,4.68,1.3,2.49,64.51612903225806,6,4.34,100.0,Poste Italiane via Western Union,Mixed / multiple types,cash,20.0,0.8100000000000005,4.19,3.0
ITAMAR,2024_4Q,cc2,ITA,MAR,Middle East & North Africa,3,3.79,3.6608695652173915,0.13,31,13,3.16,0.88,2.07,54.83870967741935,6,3.07,66.66666666666666,Poste Italiane via Western Union,Mixed / multiple types,cash,23.52941176470588,0.6299999999999999,2.91,1.7200000000000002
ITAMAR,2025_1Q,cc1,ITA,MAR,Middle East & North Africa,3,5.74,5.742857142857142,0.0,32,14,4.22,1.03,2.48,65.625,6,3.5000000000000004,100.0,Poste Italiane via Western Union,Mixed / multiple types,cash,9.523809523809524,1.5200000000000005,4.71,3.2600000000000002
ITAMAR,2025_1Q,cc2,ITA,MAR,Middle East & North Africa,3,4.04,4.043478260869565,0.0,32,14,2.9499999999999997,0.61,1.58,65.625,6,2.6599999999999997,100.0,Poste Italiane via Western Union,Mixed / multiple types,cash,9.523809523809524,1.0900000000000003,3.43,2.46
ITAMAR,2025_3Q,cc1,ITA,MAR,"Middle East, North Africa, Afghanistan & Pakistan",3,5.7,5.678571428571429,0.02,24,11,3.16,1.14,1.655,75.0,6,1.725,100.0,Remitly,Money transfer operator,bank account,11.11111111111111,2.54,4.5600000000000005,4.045
ITAMAR,2025_3Q,cc2,ITA,MAR,"Middle East, North Africa, Afghanistan & Pakistan",3,4.0,3.976811594202899,0.02,24,11,2.455,0.93,1.053,70.83333333333334,6,1.305,100.0,Remitly,Money transfer operator,bank account,11.76470588235294,1.545,3.07,2.947
ITAPHL,2024_3Q,cc1,ITA,PHL,East Asia & Pacific,3,2.24,2.1857142857142855,0.05,29,9,3.42,0.71,1.2180000000000002,27.586206896551722,6,1.32,66.66666666666666,Poste Italiane via Western Union,Mixed / multiple types,cash,25.0,-1.1799999999999997,1.5300000000000002,1.022
ITAPHL,2024_3Q,cc2,ITA,PHL,East Asia & Pacific,3,1.62,1.5710144927536231,0.05,29,9,1.76,0.33,1.098,48.275862068965516,6,1.19,100.0,Poste Italiane via Western Union,Mixed / multiple types,cash,14.285714285714285,-0.1399999999999999,1.29,0.522
ITAPHL,2024_4Q,cc1,ITA,PHL,East Asia & Pacific,3,2.15,2.142857142857143,0.01,30,9,3.64,1.4,1.68,13.333333333333334,6,1.68,66.66666666666666,WorldRemit,Money transfer operator,bank account,50.0,-1.4900000000000002,0.75,0.47
ITAPHL,2024_4Q,cc2,ITA,PHL,East Asia & Pacific,3,1.58,1.5710144927536231,0.01,30,9,2.29,1.27,1.61,6.666666666666667,6,1.61,33.33333333333333,WorldRemit,Money transfer operator,bank account,0.0,-0.71,0.31000000000000005,-0.030000000000000027
ITAPHL,2025_1Q,cc1,ITA,PHL,East Asia & Pacific,3,2.3,2.257142857142857,0.04,30,10,3.36,1.1199999999999999,1.69,13.333333333333334,6,1.69,66.66666666666666,WorldRemit,Money transfer operator,bank account,0.0,-1.06,1.18,0.6099999999999999
ITAPHL,2025_1Q,cc2,ITA,PHL,East Asia & Pacific,3,1.8900000000000001,1.8521739130434782,0.04,30,10,1.915,0.9900000000000001,1.2630000000000001,50.0,6,1.27,100.0,WorldRemit,Money transfer operator,bank account,0.0,-0.02499999999999991,0.9,0.627
ITAPHL,2025_3Q,cc1,ITA,PHL,East Asia & Pacific,3,2.19,2.1928571428571426,0.0,27,9,2.54,0.72,0.8,29.629629629629626,8,1.165,75.0,WorldRemit,Money transfer operator,bank account,25.0,-0.3500000000000001,1.47,1.39
ITAPHL,2025_3Q,cc2,ITA,PHL,East Asia & Pacific,3,1.78,1.7826086956521743,0.0,27,9,1.52,0.59,0.8,66.66666666666666,8,0.9550000000000001,100.0,WorldRemit,Money transfer operator,bank account,11.11111111111111,0.26,1.19,0.98
ITAROU,2024_3Q,cc1,ITA,ROU,Europe & Central Asia,3,2.0,1.9857142857142855,0.01,27,11,4.18,0.72,1.24,18.51851851851852,6,1.24,66.66666666666666,MoneyGram,Money transfer operator,bank account,40.0,-2.1799999999999997,1.28,0.76
ITAROU,2024_3Q,cc2,ITA,ROU,Europe & Central Asia,3,1.36,1.353623188405797,0.01,27,11,2.17,0.72,0.78,18.51851851851852,6,0.82,66.66666666666666,Banca Monte dei Paschi di Siena,Bank,bank account,40.0,-0.8099999999999998,0.6400000000000001,0.5800000000000001
ITAROU,2024_4Q,cc1,ITA,ROU,Europe & Central Asia,3,1.94,1.942857142857143,0.0,29,12,4.64,0.61,1.22,20.689655172413794,6,1.22,66.66666666666666,MoneyGram,Money transfer operator,bank account,33.33333333333333,-2.6999999999999997,1.33,0.72
ITAROU,2024_4Q,cc2,ITA,ROU,Europe & Central Asia,3,1.35,1.353623188405797,0.0,29,12,2.56,0.61,0.72,20.689655172413794,6,0.8,66.66666666666666,MoneyGram,Money transfer operator,bank account,33.33333333333333,-1.21,0.7400000000000001,0.6300000000000001
ITAROU,2025_1Q,cc1,ITA,ROU,Europe & Central Asia,3,2.33,2.3285714285714283,0.0,29,12,5.18,1.25,1.3,17.24137931034483,6,1.3,66.66666666666666,Remitly,Money transfer operator,bank account,0.0,-2.8499999999999996,1.08,1.03
ITAROU,2025_1Q,cc2,ITA,ROU,Europe & Central Asia,3,1.7399999999999998,1.744927536231884,0.0,29,12,2.9000000000000004,0.72,0.87,34.48275862068966,6,0.88,100.0,Banca Monte dei Paschi di Siena,Bank,bank account,0.0,-1.1600000000000006,1.0199999999999998,0.8699999999999998
ITAROU,2025_3Q,cc1,ITA,ROU,Europe & Central Asia,3,2.27,2.257142857142857,0.01,28,12,3.91,1.25,1.888,21.428571428571427,9,2.9,22.22222222222222,Remitly,Money transfer operator,bank account,0.0,-1.6400000000000001,1.02,0.3820000000000001
ITAROU,2025_3Q,cc2,ITA,ROU,Europe & Central Asia,3,1.69,1.6753623188405797,0.01,28,12,2.14,0.72,0.858,39.285714285714285,9,1.92,44.44444444444444,Banca Monte dei Paschi di Siena,Bank,bank account,0.0,-0.4500000000000002,0.97,0.832
ITAUKR,2024_3Q,cc1,ITA,UKR,Europe & Central Asia,3,1.89,1.4214285714285715,0.47,23,10,4.64,0.72,2.0000000000000004,13.043478260869565,3,1.82,66.66666666666666,Poste Italiane via Western Union,Mixed / multiple types,cash,0.0,-2.75,1.17,-0.11000000000000054
ITAUKR,2024_3Q,cc2,ITA,UKR,Europe & Central Asia,3,1.47,0.9971014492753623,0.47,23,10,3.48,0.83,1.164,21.73913043478261,3,1.18,66.66666666666666,Poste Italiane via Western Union,Mixed / multiple types,cash,0.0,-2.01,0.64,0.30600000000000005
ITAUKR,2024_4Q,cc1,ITA,UKR,Europe & Central Asia,3,2.1,1.4857142857142858,0.61,25,10,7.58,2.78,2.81,0.0,3,2.81,0.0,Remitly,Money transfer operator,cash,,-5.48,-0.6799999999999997,-0.71
ITAUKR,2024_4Q,cc2,ITA,UKR,Europe & Central Asia,3,1.77,1.156521739130435,0.61,25,10,5.07,1.16,2.17,8.0,3,2.17,0.0,MoneyGram,Money transfer operator,cash,0.0,-3.3000000000000003,0.6100000000000001,-0.3999999999999999
ITAUKR,2025_1Q,cc1,ITA,UKR,Europe & Central Asia,3,2.82,1.8714285714285714,0.95,25,10,4.64,1.79,2.82,8.0,3,1.79,66.66666666666666,Paysend,Money transfer operator,bank account,0.0,-1.8199999999999998,1.0299999999999998,0.0
ITAUKR,2025_1Q,cc2,ITA,UKR,Europe & Central Asia,3,2.5,1.5478260869565217,0.95,25,10,3.62,1.15,1.16,24.0,3,1.15,66.66666666666666,Paysend,Money transfer operator,bank account,0.0,-1.12,1.35,1.34
ITAUKR,2025_3Q,cc1,ITA,UKR,Europe & Central Asia,3,3.47,2.571428571428571,0.9,22,10,7.4350000000000005,2.14,2.16,36.36363636363637,3,2.16,66.66666666666666,MoneyGram,Money transfer operator,cash,25.0,-3.9650000000000003,1.33,1.31
ITAUKR,2025_3Q,cc2,ITA,UKR,Europe & Central Asia,3,2.84,1.9420289855072466,0.9,22,10,5.475,1.45,1.52,27.27272727272727,3,1.52,66.66666666666666,MoneyGram,Money transfer operator,cash,33.33333333333333,-2.635,1.39,1.3199999999999998
JPNBRA,2024_3Q,cc1,JPN,BRA,Latin America & Caribbean,1,2.17,2.1818823529411766,-0.01,10,7,7.215,6.12,6.462,0.0,4,7.699999999999999,0.0,Brastel Remit,Money transfer operator,bank account,,-5.045,-3.95,-4.292
JPNBRA,2024_3Q,cc2,JPN,BRA,Latin America & Caribbean,1,1.58,1.5901428571428573,-0.01,10,7,4.3,3.42,3.5820000000000003,0.0,4,5.095000000000001,0.0,Kyodai,Money transfer operator,bank account,,-2.7199999999999998,-1.8399999999999999,-2.0020000000000002
JPNBRA,2024_4Q,cc1,JPN,BRA,Latin America & Caribbean,1,2.16,2.2389411764705884,-0.08,9,7,11.04,6.68,6.84,0.0,3,7.89,0.0,Brastel Remit,Money transfer operator,bank account,,-8.879999999999999,-4.52,-4.68
JPNBRA,2024_4Q,cc2,JPN,BRA,Latin America & Caribbean,1,1.53,1.6087142857142855,-0.08,9,7,7.33,3.8,4.776,0.0,3,5.44,0.0,Kyodai,Money transfer operator,bank account,,-5.8,-2.2699999999999996,-3.2459999999999996
JPNBRA,2025_1Q,cc1,JPN,BRA,Latin America & Caribbean,1,2.26,2.2276470588235293,0.03,10,7,7.5600000000000005,5.7,6.213,0.0,4,6.985,0.0,Western Union,Money transfer operator,bank account,,-5.300000000000001,-3.4400000000000004,-3.9530000000000003
JPNBRA,2025_1Q,cc2,JPN,BRA,Latin America & Caribbean,1,1.63,1.604857142857143,0.03,10,7,4.93,2.97,3.825,0.0,4,4.93,0.0,Western Union,Money transfer operator,bank account,,-3.3,-1.3400000000000003,-2.1950000000000003
JPNBRA,2025_3Q,cc1,JPN,BRA,Latin America & Caribbean,2,5.27,4.076176470588235,1.1949999999999998,10,7,7.41,5.98,6.061,0.0,4,7.29,0.0,Western Union,Money transfer operator,cash,,-2.1400000000000006,-0.7100000000000009,-0.7910000000000004
JPNBRA,2025_3Q,cc2,JPN,BRA,Latin America & Caribbean,2,4.38,3.453845238095238,0.925,10,7,4.970000000000001,3.26,3.836,40.0,4,5.235,0.0,Kyodai,Money transfer operator,bank account,0.0,-0.5900000000000007,1.12,0.544
JPNIDN,2024_3Q,cc1,JPN,IDN,East Asia & Pacific,1,1.91,1.9345882352941175,-0.02,15,11,5.37,2.55,3.5,0.0,3,13.87,0.0,DCOM Money Express,Money transfer operator,bank account,,-3.46,-0.6399999999999999,-1.59
JPNIDN,2024_3Q,cc2,JPN,IDN,East Asia & Pacific,1,1.18,1.199309523809524,-0.02,15,11,2.31,1.75,1.75,0.0,3,6.87,0.0,SMTJ,Money transfer operator,bank account,,-1.1300000000000001,-0.5700000000000001,-0.5700000000000001
JPNIDN,2024_4Q,cc1,JPN,IDN,East Asia & Pacific,1,1.95,1.942764705882353,0.01,16,11,5.050000000000001,2.46,2.87,0.0,5,5.67,0.0,DCOM Money Express,Money transfer operator,bank account,,-3.1000000000000005,-0.51,-0.9200000000000002
JPNIDN,2024_4Q,cc2,JPN,IDN,East Asia & Pacific,1,1.23,1.2243095238095238,0.01,16,11,2.5250000000000004,1.41,1.95,0.0,5,4.09,0.0,Seven Bank,Bank,cash,,-1.2950000000000004,-0.17999999999999994,-0.72
JPNIDN,2025_1Q,cc1,JPN,IDN,East Asia & Pacific,1,1.97,1.9448823529411765,0.03,17,12,5.5,2.65,2.826,0.0,6,5.675000000000001,0.0,DCOM Money Express,Money transfer operator,bank account,,-3.5300000000000002,-0.6799999999999999,-0.8560000000000001
JPNIDN,2025_1Q,cc2,JPN,IDN,East Asia & Pacific,1,1.26,1.2251428571428569,0.03,17,12,2.68,1.3599999999999999,1.91,0.0,6,4.72,0.0,Seven Bank,Bank,cash,,-1.4200000000000002,-0.09999999999999987,-0.6499999999999999
JPNIDN,2025_3Q,cc1,JPN,IDN,East Asia & Pacific,1,2.19,2.1886470588235296,0.0,17,11,5.27,2.48,2.496,0.0,5,3.91,0.0,SMTJ,Money transfer operator,bank account,,-3.0799999999999996,-0.29000000000000004,-0.30600000000000005
JPNIDN,2025_3Q,cc2,JPN,IDN,East Asia & Pacific,1,1.41,1.4052380952380954,0.0,17,11,2.54,1.56,1.576,0.0,5,3.13,0.0,SMTJ,Money transfer operator,bank account,,-1.1300000000000001,-0.15000000000000013,-0.16600000000000015
JPNIND,2024_3Q,cc1,JPN,IND,South Asia,1,5.06,5.075176470588235,-0.02,23,12,6.05,2.78,2.97,21.73913043478261,10,9.88,30.0,WorldRemit,Money transfer operator,bank account,0.0,-0.9900000000000002,2.28,2.0899999999999994
JPNIND,2024_3Q,cc2,JPN,IND,South Asia,1,4.36,4.381904761904762,-0.02,23,12,3.87,1.63,2.08,52.17391304347826,10,5.29,50.0,SBI remit,Money transfer operator,cash,0.0,0.4900000000000002,2.7300000000000004,2.2800000000000002
JPNIND,2024_4Q,cc1,JPN,IND,South Asia,1,5.09,5.075176470588235,0.01,20,11,8.14,2.9,2.9810000000000003,15.0,8,13.165,25.0,WorldRemit,Money transfer operator,bank account,0.0,-3.0500000000000007,2.19,2.1089999999999995
JPNIND,2024_4Q,cc2,JPN,IND,South Asia,1,4.39,4.381904761904762,0.01,20,11,4.98,2.2,2.407,45.0,8,6.165,37.5,WorldRemit,Money transfer operator,bank account,0.0,-0.5900000000000007,2.1899999999999995,1.9829999999999997
JPNIND,2025_1Q,cc1,JPN,IND,South Asia,1,5.11,5.107823529411765,0.0,20,12,6.4,1.43,2.65,35.0,9,5.17,44.44444444444444,Western Union,Money transfer operator,bank account,0.0,-1.29,3.6800000000000006,2.4600000000000004
JPNIND,2025_1Q,cc2,JPN,IND,South Asia,1,4.390000000000001,4.392571428571429,0.0,20,12,4.535,1.32,1.95,50.0,9,3.63,55.55555555555556,Western Union,Money transfer operator,bank account,0.0,-0.14499999999999957,3.0700000000000003,2.4400000000000004
JPNIND,2025_3Q,cc1,JPN,IND,South Asia,1,5.25,5.2305294117647065,0.02,21,11,5.39,1.22,2.79,33.33333333333333,8,3.92,62.5,Western Union,Money transfer operator,bank account,0.0,-0.13999999999999968,4.03,2.46
JPNIND,2025_3Q,cc2,JPN,IND,South Asia,1,4.54,4.516666666666667,0.02,21,11,3.2,1.11,2.09,61.904761904761905,8,2.8,62.5,Western Union,Money transfer operator,bank account,0.0,1.3399999999999999,3.4299999999999997,2.45
JPNPHL,2024_3Q,cc1,JPN,PHL,East Asia & Pacific,1,2.06,2.2435294117647056,-0.18,34,14,6.42,4.31,5.0,0.0,4,13.71,0.0,Western Union,Money transfer operator,cash,,-4.359999999999999,-2.2499999999999996,-2.94
JPNPHL,2024_3Q,cc2,JPN,PHL,East Asia & Pacific,1,1.23,1.4101666666666668,-0.18,34,14,4.75,2.77,3.25,0.0,4,6.71,0.0,JME,Money transfer operator,cash,,-3.52,-1.54,-2.02
JPNPHL,2024_4Q,cc1,JPN,PHL,East Asia & Pacific,1,2.29,2.2435294117647056,0.05,30,13,5.92,4.6,5.154,0.0,4,12.99,0.0,WorldRemit,Money transfer operator,cash,,-3.63,-2.3099999999999996,-2.864
JPNPHL,2024_4Q,cc2,JPN,PHL,East Asia & Pacific,1,1.46,1.4101666666666668,0.05,30,13,4.26,2.61,2.99,0.0,4,5.99,0.0,JRF,Money transfer operator,bank account,,-2.8,-1.15,-1.5300000000000002
JPNPHL,2025_1Q,cc1,JPN,PHL,East Asia & Pacific,1,2.25,2.2459411764705886,0.0,40,16,5.82,4.21,4.5280000000000005,0.0,5,13.889999999999999,0.0,DCOM Money Express,Money transfer operator,bank account,,-3.5700000000000003,-1.96,-2.2780000000000005
JPNPHL,2025_1Q,cc2,JPN,PHL,East Asia & Pacific,1,1.41,1.410952380952381,0.0,40,16,3.6900000000000004,2.4699999999999998,2.5869999999999997,0.0,5,6.890000000000001,0.0,DCOM Money Express,Money transfer operator,bank account,,-2.2800000000000002,-1.0599999999999998,-1.1769999999999998
JPNPHL,2025_3Q,cc1,JPN,PHL,East Asia & Pacific,1,2.06,2.0573529411764704,0.0,39,14,6.05,4.33,4.33,0.0,5,32.7,0.0,WorldRemit,Money transfer operator,cash,,-3.9899999999999998,-2.27,-2.27
JPNPHL,2025_3Q,cc2,JPN,PHL,East Asia & Pacific,1,1.41,1.4130952380952382,0.0,39,14,3.85,2.47,2.55,0.0,5,13.45,0.0,SBI remit,Money transfer operator,mobile wallet,,-2.4400000000000004,-1.0600000000000003,-1.14
JPNTHA,2024_3Q,cc1,JPN,THA,East Asia & Pacific,1,2.44,2.4779411764705883,-0.04,11,8,6.86,5.29,5.29,0.0,4,5.755,0.0,WorldRemit,Money transfer operator,bank account,,-4.42,-2.85,-2.85
JPNTHA,2024_3Q,cc2,JPN,THA,East Asia & Pacific,1,1.45,1.494047619047619,-0.04,11,8,3.86,2.87,3.04,0.0,4,3.86,0.0,Brastel Remit,Money transfer operator,cash,,-2.41,-1.4200000000000002,-1.59
JPNTHA,2024_4Q,cc1,JPN,THA,East Asia & Pacific,1,2.3,2.4779411764705883,-0.18,11,8,7.05,5.06,5.51,0.0,4,6.279999999999999,0.0,WorldRemit,Money transfer operator,bank account,,-4.75,-2.76,-3.21
JPNTHA,2024_4Q,cc2,JPN,THA,East Asia & Pacific,1,1.31,1.494047619047619,-0.18,11,8,3.97,3.16,3.19,0.0,4,4.025,0.0,Brastel Remit,Money transfer operator,cash,,-2.66,-1.85,-1.88
JPNTHA,2025_1Q,cc1,JPN,THA,East Asia & Pacific,1,2.4899999999999998,2.472764705882353,0.02,11,8,6.36,5.34,5.34,0.0,4,5.800000000000001,0.0,WorldRemit,Money transfer operator,bank account,,-3.8700000000000006,-2.85,-2.85
JPNTHA,2025_1Q,cc2,JPN,THA,East Asia & Pacific,1,1.51,1.4922619047619048,0.02,11,8,3.91,3.18,3.18,0.0,4,3.91,0.0,Western Union,Money transfer operator,cash,,-2.4000000000000004,-1.6700000000000002,-1.6700000000000002
JPNTHA,2025_3Q,cc1,JPN,THA,East Asia & Pacific,1,2.66,2.6098823529411765,0.05,11,8,5.47,5.34,5.36,0.0,4,5.390000000000001,0.0,Kyodai,Money transfer operator,bank account,,-2.8099999999999996,-2.6799999999999997,-2.7
JPNTHA,2025_3Q,cc2,JPN,THA,East Asia & Pacific,1,1.67,1.6233333333333333,0.05,11,8,3.93,2.26,2.34,0.0,4,3.93,0.0,Kyodai,Money transfer operator,bank account,,-2.2600000000000002,-0.5899999999999999,-0.6699999999999999
JPNVNM,2024_3Q,cc1,JPN,VNM,East Asia & Pacific,1,2.79,2.807764705882353,-0.02,17,10,3.28,2.44,2.61,23.52941176470588,2,11.625,0.0,JRF,Money transfer operator,cash,0.0,-0.48999999999999977,0.3500000000000001,0.18000000000000016
JPNVNM,2024_3Q,cc2,JPN,VNM,East Asia & Pacific,1,1.74,1.760857142857143,-0.02,17,10,1.99,1.52,1.596,17.647058823529413,2,5.67,0.0,Kyodai,Money transfer operator,cash,0.0,-0.25,0.21999999999999997,0.1439999999999999
JPNVNM,2024_4Q,cc1,JPN,VNM,East Asia & Pacific,1,2.77,2.769941176470588,0.0,17,10,2.79,2.65,2.76,29.411764705882355,2,11.42,0.0,Brastel Remit,Money transfer operator,cash,0.0,-0.020000000000000018,0.1200000000000001,0.010000000000000231
JPNVNM,2024_4Q,cc2,JPN,VNM,East Asia & Pacific,1,1.73,1.7265238095238093,0.0,17,10,1.97,1.33,1.39,29.411764705882355,2,5.36,0.0,Seven Bank,Bank,cash,0.0,-0.24,0.3999999999999999,0.3400000000000001
JPNVNM,2025_1Q,cc1,JPN,VNM,East Asia & Pacific,1,2.6100000000000003,2.6008823529411766,0.01,17,10,2.93,2.4899999999999998,2.5620000000000003,17.647058823529413,2,11.875,0.0,JRF,Money transfer operator,cash,0.0,-0.31999999999999984,0.12000000000000055,0.04800000000000004
JPNVNM,2025_1Q,cc2,JPN,VNM,East Asia & Pacific,1,1.55,1.5373571428571429,0.01,17,10,1.8499999999999999,1.4200000000000002,1.4200000000000002,17.647058823529413,2,5.8149999999999995,0.0,SMTJ,Money transfer operator,cash,0.0,-0.2999999999999998,0.1299999999999999,0.1299999999999999
JPNVNM,2025_3Q,cc1,JPN,VNM,East Asia & Pacific,1,2.74,2.727176470588235,0.01,12,8,2.995,2.51,2.54,41.66666666666667,2,11.535,0.0,DCOM Money Express,Money transfer operator,cash,0.0,-0.2549999999999999,0.23000000000000043,0.20000000000000018
JPNVNM,2025_3Q,cc2,JPN,VNM,East Asia & Pacific,1,1.67,1.661904761904762,0.01,12,8,1.48,1.23,1.258,75.0,2,5.475,50.0,SMTJ,Money transfer operator,cash,0.0,0.18999999999999995,0.43999999999999995,0.4119999999999999
MYSBGD,2024_3Q,cc1,MYS,BGD,South Asia,1,7.81,3.9655737704918037,3.84,33,19,6.17,3.88,4.736000000000001,72.72727272727273,8,5.904999999999999,75.0,ValYou,Money transfer operator,cash,0.0,1.6399999999999997,3.9299999999999997,3.073999999999999
MYSBGD,2024_3Q,cc2,MYS,BGD,South Asia,1,5.98,2.135294117647059,3.84,33,19,5.18,3.22,4.034,60.60606060606061,8,4.915,75.0,ValYou,Money transfer operator,cash,0.0,0.8000000000000007,2.7600000000000002,1.9460000000000006
MYSBGD,2024_4Q,cc1,MYS,BGD,South Asia,1,7.29,3.9606557377049176,3.33,30,17,5.359999999999999,1.78,3.03,70.0,6,4.42,66.66666666666666,Ria,Money transfer operator,mobile wallet,0.0,1.9300000000000006,5.51,4.26
MYSBGD,2024_4Q,cc2,MYS,BGD,South Asia,1,5.46,2.133986928104575,3.33,30,17,4.375,0.79,2.321,70.0,6,3.7249999999999996,66.66666666666666,Ria,Money transfer operator,mobile wallet,0.0,1.085,4.67,3.139
MYSBGD,2025_1Q,cc1,MYS,BGD,South Asia,1,7.59,3.9655737704918037,3.62,32,18,6.095000000000001,4.43,4.838,71.875,8,5.390000000000001,75.0,Western Union,Money transfer operator,bank account,0.0,1.4949999999999992,3.16,2.752
MYSBGD,2025_1Q,cc2,MYS,BGD,South Asia,1,5.76,2.135294117647059,3.62,32,18,5.205,3.83,4.122,68.75,8,4.695,75.0,NBL Money Transfer,Money transfer operator,bank account,0.0,0.5549999999999997,1.9299999999999997,1.638
MYSBGD,2025_3Q,cc1,MYS,BGD,South Asia,1,6.82,2.978688524590164,3.84,29,16,6.32,5.05,5.32,65.51724137931035,9,6.05,77.77777777777779,MoneyGram,Money transfer operator,cash,0.0,0.5,1.7700000000000005,1.5
MYSBGD,2025_3Q,cc2,MYS,BGD,South Asia,1,5.71,1.873202614379085,3.84,29,16,5.45,4.19,4.554,62.06896551724138,9,5.45,66.66666666666666,MoneyGram,Money transfer operator,cash,0.0,0.2599999999999998,1.5199999999999996,1.1559999999999997
MYSCHN,2024_3Q,cc1,MYS,CHN,East Asia & Pacific,1,4.54,4.452459016393442,0.09,12,8,4.4,2.44,2.7119999999999997,50.0,5,5.63,40.0,IME (International Money Express),Money transfer operator,bank account,0.0,0.13999999999999968,2.1,1.8280000000000003
MYSCHN,2024_3Q,cc2,MYS,CHN,East Asia & Pacific,1,2.42,2.330065359477124,0.09,12,8,2.81,1.25,1.4949999999999999,33.33333333333333,5,2.92,40.0,IME (International Money Express),Money transfer operator,bank account,0.0,-0.3900000000000001,1.17,0.925
MYSCHN,2024_4Q,cc1,MYS,CHN,East Asia & Pacific,1,4.52,4.4868852459016395,0.03,11,7,4.01,2.3,2.72,54.54545454545454,4,4.145,50.0,IME (International Money Express),Money transfer operator,bank account,0.0,0.5099999999999998,2.2199999999999998,1.7999999999999994
MYSCHN,2024_4Q,cc2,MYS,CHN,East Asia & Pacific,1,2.37,2.344444444444444,0.03,11,7,2.82,1.11,1.53,36.36363636363637,4,2.0700000000000003,50.0,IME (International Money Express),Money transfer operator,bank account,0.0,-0.44999999999999973,1.26,0.8400000000000001
MYSCHN,2025_1Q,cc1,MYS,CHN,East Asia & Pacific,1,3.88,3.921311475409836,-0.04,11,7,3.29,2.39,2.39,54.54545454545454,4,4.525,50.0,Ria,Money transfer operator,bank account,0.0,0.5899999999999999,1.4899999999999998,1.4899999999999998
MYSCHN,2025_1Q,cc2,MYS,CHN,East Asia & Pacific,1,2.1999999999999997,2.2372549019607844,-0.04,11,7,1.81,1.2,1.2,54.54545454545454,4,2.455,50.0,Ria,Money transfer operator,bank account,0.0,0.3899999999999997,0.9999999999999998,0.9999999999999998
MYSCHN,2025_3Q,cc1,MYS,CHN,East Asia & Pacific,1,3.34,3.3426229508196723,0.0,10,8,5.255,2.43,2.565,40.0,4,4.66,50.0,MoneyGram,Money transfer operator,cash,0.0,-1.915,0.9099999999999997,0.7749999999999999
MYSCHN,2025_3Q,cc2,MYS,CHN,East Asia & Pacific,1,1.92,1.922875816993464,0.0,10,8,3.285,1.24,1.375,40.0,4,2.68,50.0,MoneyGram,Money transfer operator,cash,0.0,-1.3650000000000002,0.6799999999999999,0.5449999999999999
MYSIDN,2024_3Q,cc1,MYS,IDN,East Asia & Pacific,1,1.55,1.5459016393442624,0.0,43,24,3.88,1.1,2.444,2.3255813953488373,13,3.88,0.0,Pos Malaysia,Post office,cash,0.0,-2.33,0.44999999999999996,-0.8939999999999999
MYSIDN,2024_3Q,cc2,MYS,IDN,East Asia & Pacific,1,1.04,1.0405228758169933,0.0,43,24,2.69,0.52,1.43,4.651162790697675,13,2.69,7.6923076923076925,Pos Malaysia,Post office,cash,0.0,-1.65,0.52,-0.3899999999999999
MYSIDN,2024_4Q,cc1,MYS,IDN,East Asia & Pacific,1,1.56,1.5459016393442624,0.01,42,23,3.925,2.2,2.9530000000000003,0.0,12,3.54,0.0,Western Union,Money transfer operator,cash,,-2.3649999999999998,-0.6400000000000001,-1.3930000000000002
MYSIDN,2024_4Q,cc2,MYS,IDN,East Asia & Pacific,1,1.05,1.0405228758169933,0.01,42,23,2.545,1.4,1.834,0.0,12,2.5250000000000004,0.0,KL Remit Xchange,Money transfer operator,cash,,-1.4949999999999999,-0.34999999999999987,-0.784
MYSIDN,2025_1Q,cc1,MYS,IDN,East Asia & Pacific,1,1.5699999999999998,1.5459016393442624,0.02,41,22,3.8699999999999997,1.96,3.17,0.0,12,3.53,0.0,Western Union,Money transfer operator,cash,,-2.3,-0.3900000000000001,-1.6
MYSIDN,2025_1Q,cc2,MYS,IDN,East Asia & Pacific,1,1.06,1.0405228758169933,0.02,41,22,2.44,1.4200000000000002,1.9900000000000002,0.0,12,2.51,0.0,GPL Remittance,Money transfer operator,cash,,-1.38,-0.3600000000000001,-0.9300000000000002
MYSIDN,2025_3Q,cc1,MYS,IDN,East Asia & Pacific,1,1.75,1.7262295081967212,0.02,34,20,3.62,1.29,1.6660000000000001,11.76470588235294,10,3.06,10.0,CBL Money Transfer,Money transfer operator,bank account,0.0,-1.87,0.45999999999999996,0.08399999999999985
MYSIDN,2025_3Q,cc2,MYS,IDN,East Asia & Pacific,1,1.17,1.1490196078431372,0.02,34,20,2.29,0.6,0.9300000000000002,11.76470588235294,10,1.96,10.0,CBL Money Transfer,Money transfer operator,bank account,0.0,-1.12,0.57,0.23999999999999977
MYSIND,2024_3Q,cc1,MYS,IND,South Asia,1,1.52,1.521311475409836,0.0,21,13,2.37,1.27,1.94,4.761904761904762,9,2.62,0.0,Western Union,Money transfer operator,cash,0.0,-0.8500000000000001,0.25,-0.41999999999999993
MYSIND,2024_3Q,cc2,MYS,IND,South Asia,1,1.03,1.030718954248366,0.0,21,13,1.33,0.94,0.95,38.095238095238095,9,1.43,22.22222222222222,Western Union,Money transfer operator,cash,0.0,-0.30000000000000004,0.09000000000000008,0.08000000000000007
MYSIND,2024_4Q,cc1,MYS,IND,South Asia,1,1.53,1.521311475409836,0.01,20,12,2.12,1.34,1.97,5.0,9,2.15,0.0,Western Union,Money transfer operator,cash,0.0,-0.5900000000000001,0.18999999999999995,-0.43999999999999995
MYSIND,2024_4Q,cc2,MYS,IND,South Asia,1,1.04,1.030718954248366,0.01,20,12,1.145,0.96,0.98,35.0,9,1.27,44.44444444444444,E-remit,Money transfer operator,bank account,0.0,-0.10499999999999998,0.08000000000000007,0.06000000000000005
MYSIND,2025_1Q,cc1,MYS,IND,South Asia,1,1.53,1.518032786885246,0.01,20,12,2.58,1.2,1.853,5.0,9,2.8899999999999997,0.0,Western Union,Money transfer operator,cash,0.0,-1.05,0.33000000000000007,-0.32299999999999995
MYSIND,2025_1Q,cc2,MYS,IND,South Asia,1,1.04,1.030065359477124,0.01,20,12,1.35,0.8,0.969,25.0,9,1.4200000000000002,11.11111111111111,MoneyGram,Money transfer operator,cash,0.0,-0.31000000000000005,0.24,0.07100000000000006
MYSIND,2025_3Q,cc1,MYS,IND,South Asia,1,1.58,1.5770491803278688,0.0,16,12,2.4450000000000003,1.24,1.8050000000000002,6.25,9,3.33,0.0,Western Union,Money transfer operator,cash,0.0,-0.8650000000000002,0.3400000000000001,-0.2250000000000001
MYSIND,2025_3Q,cc2,MYS,IND,South Asia,1,1.09,1.0888888888888888,0.0,16,12,1.24,0.78,0.87,43.75,9,2.51,22.22222222222222,IME (International Money Express),Money transfer operator,cash,0.0,-0.1499999999999999,0.31000000000000005,0.22000000000000008
MYSNPL,2024_3Q,cc1,MYS,NPL,South Asia,1,1.93,1.9344262295081966,0.0,22,10,3.31,2.35,2.514,0.0,4,4.029999999999999,0.0,Western Union,Money transfer operator,cash,,-1.3800000000000001,-0.42000000000000015,-0.5839999999999999
MYSNPL,2024_3Q,cc2,MYS,NPL,South Asia,1,1.07,1.0718954248366013,0.0,22,10,2.32,1.36,1.663,0.0,4,3.535,0.0,Tik FX,Bank,cash,,-1.2499999999999998,-0.29000000000000004,-0.593
MYSNPL,2024_4Q,cc1,MYS,NPL,South Asia,1,2.56,2.5311475409836066,0.03,18,10,2.3449999999999998,1.88,2.22,61.111111111111114,4,3.8,25.0,MoneyGram,Money transfer operator,cash,0.0,0.2150000000000003,0.6800000000000002,0.33999999999999986
MYSNPL,2024_4Q,cc2,MYS,NPL,South Asia,1,1.7,1.672549019607843,0.03,18,10,1.495,1.02,1.346,55.55555555555556,4,3.34,25.0,MoneyGram,Money transfer operator,cash,0.0,0.20499999999999985,0.6799999999999999,0.35399999999999987
MYSNPL,2025_1Q,cc1,MYS,NPL,South Asia,1,2.93,2.9311475409836065,0.0,17,9,2.56,2.34,2.4219999999999997,64.70588235294117,4,3.9250000000000003,25.0,MoneyGram,Money transfer operator,cash,0.0,0.3700000000000001,0.5900000000000003,0.5080000000000005
MYSNPL,2025_1Q,cc2,MYS,NPL,South Asia,1,2.07,2.0718954248366015,0.0,17,9,1.7000000000000002,1.48,1.5699999999999998,70.58823529411765,4,3.4650000000000003,25.0,MoneyGram,Money transfer operator,cash,0.0,0.36999999999999966,0.5899999999999999,0.5
MYSNPL,2025_3Q,cc1,MYS,NPL,South Asia,1,2.77,2.7721311475409833,0.0,13,8,2.28,1.92,1.92,61.53846153846154,4,4.02,25.0,Ria,Money transfer operator,bank account,0.0,0.4900000000000002,0.8500000000000001,0.8500000000000001
MYSNPL,2025_3Q,cc2,MYS,NPL,South Asia,1,1.92,1.9169934640522874,0.0,13,8,1.35,1.06,1.06,53.84615384615385,4,3.425,25.0,Ria,Money transfer operator,bank account,0.0,0.5699999999999998,0.8599999999999999,0.8599999999999999
MYSPHL,2024_3Q,cc1,MYS,PHL,East Asia & Pacific,1,1.69,1.840983606557377,-0.15,37,20,2.72,1.53,1.98,2.7027027027027026,6,2.05,0.0,Western Union,Money transfer operator,cash,0.0,-1.0300000000000002,0.15999999999999992,-0.29000000000000004
MYSPHL,2024_3Q,cc2,MYS,PHL,East Asia & Pacific,1,1.07,1.2235294117647058,-0.15,37,20,1.58,0.99,0.99,16.216216216216218,6,1.56,16.666666666666664,Ria,Money transfer operator,cash,0.0,-0.51,0.08000000000000007,0.08000000000000007
MYSPHL,2024_4Q,cc1,MYS,PHL,East Asia & Pacific,1,1.87,1.8442622950819672,0.03,35,18,2.79,1.79,2.134,2.857142857142857,6,2.365,0.0,Western Union,Money transfer operator,cash,0.0,-0.9199999999999999,0.08000000000000007,-0.2639999999999998
MYSPHL,2024_4Q,cc2,MYS,PHL,East Asia & Pacific,1,1.25,1.2248366013071894,0.03,35,18,1.67,1.03,1.1640000000000001,14.285714285714285,6,1.64,33.33333333333333,E-remit,Money transfer operator,cash,0.0,-0.41999999999999993,0.21999999999999997,0.08599999999999985
MYSPHL,2025_1Q,cc1,MYS,PHL,East Asia & Pacific,1,1.8599999999999999,1.8426229508196723,0.02,37,19,2.6,1.44,1.7999999999999998,21.62162162162162,7,1.9,42.857142857142854,Western Union,Money transfer operator,cash,0.0,-0.7400000000000002,0.41999999999999993,0.06000000000000005
MYSPHL,2025_1Q,cc2,MYS,PHL,East Asia & Pacific,1,1.24,1.2241830065359478,0.02,37,19,1.31,0.96,1.06,32.432432432432435,7,1.31,42.857142857142854,E-remit,Money transfer operator,bank account,0.0,-0.07000000000000006,0.28,0.17999999999999994
MYSPHL,2025_3Q,cc1,MYS,PHL,East Asia & Pacific,1,1.59,1.5934426229508198,0.0,34,18,3.0700000000000003,1.27,1.27,20.588235294117645,8,3.715,25.0,WorldRemit,Money transfer operator,mobile wallet,0.0,-1.4800000000000002,0.32000000000000006,0.32000000000000006
MYSPHL,2025_3Q,cc2,MYS,PHL,East Asia & Pacific,1,1.16,1.1601307189542485,0.0,34,18,2.2800000000000002,0.78,0.78,35.294117647058826,8,2.495,37.5,WorldRemit,Money transfer operator,mobile wallet,0.0,-1.1200000000000003,0.3799999999999999,0.3799999999999999
MYSTHA,2024_3Q,cc1,MYS,THA,East Asia & Pacific,1,2.06,2.078688524590164,-0.02,17,9,3.86,2.57,2.76,0.0,6,3.465,0.0,Western Union,Money transfer operator,cash,,-1.7999999999999998,-0.5099999999999998,-0.6999999999999997
MYSTHA,2024_3Q,cc2,MYS,THA,East Asia & Pacific,1,1.29,1.3065359477124183,-0.02,17,9,2.32,1.58,1.75,0.0,6,2.3099999999999996,0.0,Western Union,Money transfer operator,cash,,-1.0299999999999998,-0.29000000000000004,-0.45999999999999996
MYSTHA,2024_4Q,cc1,MYS,THA,East Asia & Pacific,1,1.9,2.078688524590164,-0.18,17,9,3.73,2.77,2.942,0.0,6,3.875,0.0,MoneyGram,Money transfer operator,cash,,-1.83,-0.8700000000000001,-1.0420000000000003
MYSTHA,2024_4Q,cc2,MYS,THA,East Asia & Pacific,1,1.13,1.3065359477124183,-0.18,17,9,2.45,1.49,1.81,0.0,6,2.69,0.0,MoneyGram,Money transfer operator,cash,,-1.3200000000000003,-0.3600000000000001,-0.6800000000000002
MYSTHA,2025_1Q,cc1,MYS,THA,East Asia & Pacific,1,2.1,2.0754098360655737,0.02,16,8,4.145,2.67,2.79,0.0,5,3.1,0.0,Western Union,Money transfer operator,cash,,-2.0449999999999995,-0.5699999999999998,-0.69
MYSTHA,2025_1Q,cc2,MYS,THA,East Asia & Pacific,1,1.3299999999999998,1.3058823529411765,0.02,16,8,2.795,1.68,2.3,0.0,5,2.31,0.0,Western Union,Money transfer operator,cash,,-1.465,-0.3500000000000001,-0.97
MYSTHA,2025_3Q,cc1,MYS,THA,East Asia & Pacific,1,2.17,2.136065573770492,0.03,13,8,4.04,2.74,2.83,0.0,5,4.04,0.0,Western Union,Money transfer operator,cash,,-1.87,-0.5700000000000003,-0.6600000000000001
MYSTHA,2025_3Q,cc2,MYS,THA,East Asia & Pacific,1,1.39,1.3647058823529412,0.03,13,8,3.05,1.75,1.9080000000000001,0.0,5,2.72,0.0,Western Union,Money transfer operator,cash,,-1.66,-0.3600000000000001,-0.5180000000000002
MYSVNM,2024_3Q,cc1,MYS,VNM,East Asia & Pacific,1,2.39,2.3885245901639345,0.0,17,7,3.11,2.07,2.334,17.647058823529413,2,3.16,0.0,Western Union,Money transfer operator,cash,0.0,-0.7199999999999998,0.3200000000000003,0.05600000000000005
MYSVNM,2024_3Q,cc2,MYS,VNM,East Asia & Pacific,1,1.54,1.5444444444444443,0.0,17,7,2.44,1.28,1.534,11.76470588235294,2,2.435,0.0,Western Union,Money transfer operator,mobile wallet,0.0,-0.8999999999999999,0.26,0.006000000000000005
MYSVNM,2024_4Q,cc1,MYS,VNM,East Asia & Pacific,1,2.39,2.4049180327868855,-0.01,16,6,3.455,2.21,2.455,6.25,2,3.1550000000000002,0.0,Western Union,Money transfer operator,cash,0.0,-1.065,0.18000000000000016,-0.06499999999999995
MYSVNM,2024_4Q,cc2,MYS,VNM,East Asia & Pacific,1,1.54,1.550326797385621,-0.01,16,6,2.5,1.41,1.415,18.75,2,2.02,50.0,Ria,Money transfer operator,cash,0.0,-0.96,0.13000000000000012,0.125
MYSVNM,2025_1Q,cc1,MYS,VNM,East Asia & Pacific,1,2.19,2.2081967213114755,-0.02,16,6,2.79,2.16,2.365,6.25,2,3.04,0.0,Western Union,Money transfer operator,cash,0.0,-0.6000000000000001,0.029999999999999805,-0.17500000000000027
MYSVNM,2025_1Q,cc2,MYS,VNM,East Asia & Pacific,1,1.3299999999999998,1.3522875816993465,-0.02,16,6,1.865,1.31,1.31,25.0,2,1.905,50.0,Ria,Money transfer operator,cash,0.0,-0.5350000000000001,0.019999999999999796,0.019999999999999796
MYSVNM,2025_3Q,cc1,MYS,VNM,East Asia & Pacific,1,2.26,2.2639344262295085,0.0,15,6,2.8,2.06,2.384,6.666666666666667,4,2.995,0.0,MoneyGram,Money transfer operator,cash,0.0,-0.54,0.19999999999999973,-0.12400000000000011
MYSVNM,2025_3Q,cc2,MYS,VNM,East Asia & Pacific,1,1.41,1.411111111111111,0.0,15,6,1.97,1.07,1.32,26.666666666666668,4,1.6600000000000001,50.0,MoneyGram,Money transfer operator,cash,0.0,-0.56,0.33999999999999986,0.08999999999999986
NLDIDN,2024_3Q,cc1,NLD,IDN,East Asia & Pacific,2,2.16,2.164285714285714,0.0,11,5,9.48,3.45,5.06,0.0,0,,,Ria,Money transfer operator,cash,,-7.32,-1.29,-2.8999999999999995
NLDIDN,2024_3Q,cc2,NLD,IDN,East Asia & Pacific,2,1.69,1.692753623188406,0.0,11,5,6.32,2.47,3.37,0.0,0,,,Ria,Money transfer operator,cash,,-4.630000000000001,-0.7800000000000002,-1.6800000000000002
NLDIDN,2024_4Q,cc1,NLD,IDN,East Asia & Pacific,2,2.195,2.175,0.02,8,4,10.85,4.26,4.813,0.0,0,,,Ria,Money transfer operator,cash,,-8.655,-2.065,-2.618
NLDIDN,2024_4Q,cc2,NLD,IDN,East Asia & Pacific,2,1.7199999999999998,1.6971014492753624,0.02,9,4,9.16,0.12,2.648,11.11111111111111,0,,,Western Union,Money transfer operator,cash,100.0,-7.44,1.5999999999999996,-0.9280000000000004
NLDIDN,2025_1Q,cc1,NLD,IDN,East Asia & Pacific,2,2.565,2.5250000000000004,0.04,9,4,8.93,5.04,5.04,0.0,0,,,Remitly,Money transfer operator,cash,,-6.365,-2.475,-2.475
NLDIDN,2025_1Q,cc2,NLD,IDN,East Asia & Pacific,2,2.0949999999999998,2.053623188405797,0.04,9,4,5.84,3.35,3.35,0.0,0,,,Remitly,Money transfer operator,cash,,-3.745,-1.2550000000000003,-1.2550000000000003
NLDIDN,2025_3Q,cc1,NLD,IDN,East Asia & Pacific,2,2.62,2.6071428571428577,0.01,21,6,3.25,2.36,2.36,28.57142857142857,3,2.36,66.66666666666666,Paysend,Money transfer operator,mobile wallet,0.0,-0.6299999999999999,0.26000000000000023,0.26000000000000023
NLDIDN,2025_3Q,cc2,NLD,IDN,East Asia & Pacific,2,2.075,2.0652173913043477,0.01,21,6,2.41,1.72,1.72,28.57142857142857,3,1.72,66.66666666666666,Paysend,Money transfer operator,mobile wallet,0.0,-0.33499999999999996,0.3550000000000002,0.3550000000000002
NLDMAR,2024_3Q,cc1,NLD,MAR,Middle East & North Africa,2,5.66,5.65,0.01,24,7,4.33,1.73,3.2230000000000003,62.5,6,3.9450000000000003,100.0,Western Union,Money transfer operator,cash,0.0,1.33,3.93,2.437
NLDMAR,2024_3Q,cc2,NLD,MAR,Middle East & North Africa,2,3.96,3.949275362318841,0.01,24,7,3.49,0.88,2.1310000000000002,66.66666666666666,6,3.105,100.0,Western Union,Money transfer operator,cash,0.0,0.46999999999999975,3.08,1.8289999999999997
NLDMAR,2024_4Q,cc1,NLD,MAR,Middle East & North Africa,2,5.78,5.65,0.13,20,7,4.31,1.54,1.612,75.0,3,4.31,100.0,Western Union,Money transfer operator,cash,0.0,1.4700000000000006,4.24,4.168
NLDMAR,2024_4Q,cc2,NLD,MAR,Middle East & North Africa,2,4.08,3.9507246376811596,0.13,23,7,3.47,0.69,0.772,86.95652173913044,6,2.21,100.0,Western Union,Money transfer operator,cash,15.0,0.6099999999999999,3.39,3.308
NLDMAR,2025_1Q,cc1,NLD,MAR,Middle East & North Africa,2,6.01,6.010714285714284,0.0,22,6,4.32,2.77,3.49,86.36363636363636,6,3.9050000000000002,100.0,Western Union,Money transfer operator,cash,0.0,1.6899999999999995,3.2399999999999998,2.5199999999999996
NLDMAR,2025_1Q,cc2,NLD,MAR,Middle East & North Africa,2,4.305,4.308695652173913,0.0,22,6,3.375,1.5699999999999998,2.081,95.45454545454545,6,3.0649999999999995,100.0,Western Union,Money transfer operator,cash,0.0,0.9299999999999997,2.735,2.2239999999999998
NLDMAR,2025_3Q,cc1,NLD,MAR,"Middle East, North Africa, Afghanistan & Pakistan",2,5.995,5.975,0.02,21,8,4.21,2.1,2.87,85.71428571428571,8,2.87,100.0,Paysend,Money transfer operator,bank account,0.0,1.7850000000000001,3.895,3.125
NLDMAR,2025_3Q,cc2,NLD,MAR,"Middle East, North Africa, Afghanistan & Pakistan",2,4.295,4.273913043478261,0.02,21,8,3.23,1.46,2.66,85.71428571428571,8,2.66,100.0,Paysend,Money transfer operator,bank account,0.0,1.065,2.835,1.6349999999999998
NLDTUR,2024_3Q,cc1,NLD,TUR,Europe & Central Asia,3,5.63,5.628571428571429,0.0,15,5,4.09,2.5,3.56,66.66666666666666,2,4.09,100.0,MoneyGram,Money transfer operator,cash,0.0,1.54,3.13,2.07
NLDTUR,2024_3Q,cc2,NLD,TUR,Europe & Central Asia,3,2.82,2.820289855072464,0.0,15,5,3.48,1.3,2.09,26.666666666666668,2,3.25,0.0,MoneyGram,Money transfer operator,cash,0.0,-0.6600000000000001,1.5199999999999998,0.73
NLDTUR,2024_4Q,cc1,NLD,TUR,Europe & Central Asia,3,5.64,5.642857142857143,0.0,14,5,4.734999999999999,3.56,3.56,57.14285714285714,2,4.045,100.0,WorldRemit,Money transfer operator,cash,0.0,0.9050000000000002,2.0799999999999996,2.0799999999999996
NLDTUR,2024_4Q,cc2,NLD,TUR,Europe & Central Asia,3,2.83,2.8289855072463768,0.0,14,5,3.48,2.78,2.879,14.285714285714285,2,3.205,0.0,MoneyGram,Money transfer operator,cash,0.0,-0.6499999999999999,0.050000000000000266,-0.04899999999999993
NLDTUR,2025_1Q,cc1,NLD,TUR,Europe & Central Asia,3,6.0600000000000005,6.021428571428571,0.04,16,6,4.47,2.4899999999999998,3.025,56.25,2,2.4899999999999998,100.0,Western Union,Money transfer operator,bank account,0.0,1.5900000000000007,3.5700000000000007,3.0350000000000006
NLDTUR,2025_1Q,cc2,NLD,TUR,Europe & Central Asia,3,3.25,3.211594202898551,0.04,16,6,3.4799999999999995,1.6500000000000001,1.9249999999999998,37.5,2,1.6500000000000001,100.0,Western Union,Money transfer operator,bank account,0.0,-0.22999999999999954,1.5999999999999999,1.3250000000000002
NLDTUR,2025_3Q,cc1,NLD,TUR,Europe & Central Asia,3,5.96,5.942857142857143,0.05,20,8,4.44,2.5,3.2110000000000003,60.0,3,2.5,100.0,Western Union,Money transfer operator,bank account,0.0,1.5199999999999996,3.46,2.7489999999999997
NLDTUR,2025_3Q,cc2,NLD,TUR,Europe & Central Asia,3,3.16,3.1420289855072463,0.05,20,8,3.0149999999999997,1.66,1.912,50.0,3,1.66,100.0,Western Union,Money transfer operator,bank account,0.0,0.14500000000000046,1.5000000000000002,1.2480000000000002
NORPAK,2024_3Q,cc1,NOR,PAK,South Asia,1,1.22,1.4258064516129032,-0.21,40,9,1.8199999999999998,0.47,0.57,35.0,13,1.5,38.46153846153847,ACE Money Transfer,Money transfer operator,cash,100.0,-0.5999999999999999,0.75,0.65
NORPAK,2024_3Q,cc2,NOR,PAK,South Asia,1,0.76,0.9703225806451613,-0.21,37,9,1.93,0.47,0.57,16.216216216216218,13,1.07,23.076923076923077,ACE Money Transfer,Money transfer operator,cash,100.0,-1.17,0.29000000000000004,0.19000000000000006
NORPAK,2024_4Q,cc1,NOR,PAK,South Asia,1,1.35,1.4338709677419357,-0.08,40,10,1.48,0.87,0.98,47.5,13,1.33,53.84615384615385,ACE Money Transfer,Money transfer operator,cash,89.47368421052632,-0.1299999999999999,0.4800000000000001,0.3700000000000001
NORPAK,2024_4Q,cc2,NOR,PAK,South Asia,1,0.9,0.9787096774193548,-0.08,37,10,1.58,0.54,0.87,13.513513513513514,13,1.33,15.384615384615385,TransferGo,Money transfer operator,bank account,60.0,-0.68,0.36,0.030000000000000027
NORPAK,2025_1Q,cc1,NOR,PAK,South Asia,1,1.6,1.4314516129032258,0.16999999999999998,38,10,1.85,0.06999999999999999,0.27099999999999996,44.73684210526316,14,1.55,64.28571428571429,ACE Money Transfer,Money transfer operator,cash,100.0,-0.25,1.53,1.3290000000000002
NORPAK,2025_1Q,cc2,NOR,PAK,South Asia,1,1.15,0.9780645161290322,0.16999999999999998,32,10,1.8050000000000002,0.06999999999999999,0.9229999999999999,15.625,14,1.55,14.285714285714285,ACE Money Transfer,Money transfer operator,cash,100.0,-0.6550000000000002,1.0799999999999998,0.22699999999999998
NORPAK,2025_3Q,cc1,NOR,PAK,"Middle East, North Africa, Afghanistan & Pakistan",1,1.56,1.4314516129032258,0.13,39,10,2.46,0.7,0.79,25.64102564102564,14,2.02,21.428571428571427,Western Union,Money transfer operator,cash,80.0,-0.8999999999999999,0.8600000000000001,0.77
NORPAK,2025_3Q,cc2,NOR,PAK,"Middle East, North Africa, Afghanistan & Pakistan",1,1.11,0.977741935483871,0.13,36,10,1.995,0.03,0.745,22.22222222222222,14,1.805,21.428571428571427,MoneyGram,Money transfer operator,bank account,87.5,-0.885,1.08,0.3650000000000001
NORPOL,2024_3Q,cc1,NOR,POL,..,1,1.09,1.0758064516129031,0.01,28,8,4.16,0.71,1.1159999999999999,10.714285714285714,14,2.33,21.428571428571427,TransferGo,Money transfer operator,bank account,100.0,-3.0700000000000003,0.3800000000000001,-0.0259999999999998
NORPOL,2024_3Q,cc2,NOR,POL,..,1,0.74,0.7303225806451613,0.01,28,8,3.005,0.71,1.046,7.142857142857142,14,1.37,14.285714285714285,TransferGo,Money transfer operator,bank account,100.0,-2.2649999999999997,0.030000000000000027,-0.30600000000000005
NORPOL,2024_4Q,cc1,NOR,POL,..,1,1.01,1.0540322580645163,-0.04,29,9,3.91,0.64,1.07,6.896551724137931,15,2.91,13.333333333333334,Western Union,Money transfer operator,bank account,100.0,-2.9000000000000004,0.37,-0.06000000000000005
NORPOL,2024_4Q,cc2,NOR,POL,..,1,0.67,0.7083870967741936,-0.04,29,9,2.92,0.64,1.07,3.4482758620689653,15,1.81,6.666666666666667,Western Union,Money transfer operator,bank account,100.0,-2.25,0.030000000000000027,-0.4
NORPOL,2025_1Q,cc1,NOR,POL,..,1,1.06,1.0540322580645163,0.01,29,10,3.8,0.98,1.5800000000000003,3.4482758620689653,16,2.8499999999999996,6.25,Skrill,Money transfer operator,bank account,100.0,-2.7399999999999998,0.08000000000000007,-0.5200000000000002
NORPOL,2025_1Q,cc2,NOR,POL,..,1,0.72,0.7080645161290322,0.01,29,10,2.8400000000000003,0.69,0.9380000000000001,6.896551724137931,16,1.58,12.5,ACE Money Transfer,Money transfer operator,bank account,0.0,-2.12,0.030000000000000027,-0.21800000000000008
NORPOL,2025_3Q,cc1,NOR,POL,..,1,1.05,1.0540322580645163,0.0,27,9,3.41,1.19,1.654,0.0,15,2.56,0.0,TransferGo,Money transfer operator,bank account,,-2.3600000000000003,-0.1399999999999999,-0.6039999999999999
NORPOL,2025_3Q,cc2,NOR,POL,..,1,0.71,0.7080645161290322,0.0,27,9,2.24,0.67,1.022,3.7037037037037033,15,1.71,6.666666666666667,ACE Money Transfer,Money transfer operator,bank account,0.0,-1.5300000000000002,0.039999999999999925,-0.31200000000000006
NZLCHN,2024_3Q,cc1,NZL,CHN,East Asia & Pacific,1,4.62,4.619230769230769,0.0,34,7,4.66,0.65,1.2200000000000002,50.0,7,3.84,71.42857142857143,Western Union,Money transfer operator,mobile wallet,35.294117647058826,-0.040000000000000036,3.97,3.4
NZLCHN,2024_3Q,cc2,NZL,CHN,East Asia & Pacific,1,2.94,2.9384615384615387,0.0,34,7,3.26,0.65,1.1300000000000001,44.11764705882353,7,2.69,71.42857142857143,Western Union,Money transfer operator,mobile wallet,40.0,-0.31999999999999984,2.29,1.8099999999999998
NZLCHN,2024_4Q,cc1,NZL,CHN,East Asia & Pacific,1,5.02,4.98076923076923,0.04,32,6,4.695,1.0,2.1750000000000003,53.125,7,3.52,85.71428571428571,Orbit Remit,Money transfer operator,mobile wallet,5.88235294117647,0.3249999999999993,4.02,2.8449999999999993
NZLCHN,2024_4Q,cc2,NZL,CHN,East Asia & Pacific,1,3.28,3.236923076923077,0.04,29,6,3.73,1.0,1.996,41.37931034482759,6,2.44,66.66666666666666,Orbit Remit,Money transfer operator,mobile wallet,8.333333333333332,-0.4500000000000002,2.28,1.2839999999999998
NZLCHN,2025_1Q,cc1,NZL,CHN,East Asia & Pacific,1,5.029999999999999,5.007692307692308,0.02,37,7,4.6,1.09,1.988,56.75675675675676,9,3.54,77.77777777777779,Orbit Remit,Money transfer operator,mobile wallet,4.761904761904762,0.4299999999999997,3.9399999999999995,3.0419999999999994
NZLCHN,2025_1Q,cc2,NZL,CHN,East Asia & Pacific,1,3.27,3.2492307692307696,0.02,37,7,3.3300000000000005,0.8200000000000001,0.9040000000000001,45.94594594594595,9,2.39,66.66666666666666,MoneyGram,Money transfer operator,cash,5.88235294117647,-0.0600000000000005,2.45,2.3659999999999997
NZLCHN,2025_3Q,cc1,NZL,CHN,East Asia & Pacific,1,3.76,3.6999999999999997,0.06,21,8,3.96,1.0,2.39,28.57142857142857,6,3.705,50.0,Orbit Remit,Money transfer operator,mobile wallet,16.666666666666664,-0.20000000000000018,2.76,1.3699999999999997
NZLCHN,2025_3Q,cc2,NZL,CHN,East Asia & Pacific,1,2.62,2.563076923076923,0.06,21,8,2.57,0.91,1.81,52.38095238095239,6,3.0549999999999997,50.0,MoneyGram,Money transfer operator,bank account,9.090909090909092,0.050000000000000266,1.71,0.81
NZLPHL,2024_3Q,cc1,NZL,PHL,East Asia & Pacific,1,1.27,1.0576923076923077,0.21,34,10,3.86,1.87,2.48,0.0,8,4.035,0.0,Western Union,Money transfer operator,bank account,,-2.59,-0.6000000000000001,-1.21
NZLPHL,2024_3Q,cc2,NZL,PHL,East Asia & Pacific,1,0.94,0.7338461538461538,0.21,34,10,2.79,1.23,1.916,0.0,8,2.79,0.0,Western Union,Money transfer operator,bank account,,-1.85,-0.29000000000000004,-0.976
NZLPHL,2024_4Q,cc1,NZL,PHL,East Asia & Pacific,1,1.15,1.0807692307692307,0.06999999999999999,31,10,3.72,1.38,2.38,0.0,8,3.745,0.0,Western Union,Money transfer operator,bank account,,-2.5700000000000003,-0.22999999999999998,-1.23
NZLPHL,2024_4Q,cc2,NZL,PHL,East Asia & Pacific,1,0.8099999999999999,0.7430769230769231,0.06999999999999999,31,10,2.42,0.85,1.65,0.0,8,2.475,0.0,Western Union,Money transfer operator,bank account,,-1.6099999999999999,-0.040000000000000036,-0.84
NZLPHL,2025_1Q,cc1,NZL,PHL,East Asia & Pacific,1,1.13,1.0769230769230769,0.05,34,10,2.965,1.91,2.15,0.0,8,3.6550000000000002,0.0,Western Union,Money transfer operator,bank account,,-1.835,-0.78,-1.02
NZLPHL,2025_1Q,cc2,NZL,PHL,East Asia & Pacific,1,0.79,0.7430769230769231,0.05,34,10,2.15,1.3599999999999999,1.4680000000000002,0.0,8,2.385,0.0,Western Union,Money transfer operator,bank account,,-1.3599999999999999,-0.5699999999999998,-0.6780000000000002
NZLPHL,2025_3Q,cc1,NZL,PHL,East Asia & Pacific,1,0.82,0.8384615384615385,-0.02,22,9,3.65,0.34,0.37800000000000006,27.27272727272727,5,4.42,0.0,WorldRemit,Money transfer operator,mobile wallet,50.0,-2.83,0.4799999999999999,0.4419999999999999
NZLPHL,2025_3Q,cc2,NZL,PHL,East Asia & Pacific,1,0.63,0.6461538461538462,-0.02,22,9,2.2800000000000002,0.34,0.35500000000000004,27.27272727272727,5,3.27,0.0,WorldRemit,Money transfer operator,mobile wallet,50.0,-1.6500000000000004,0.29,0.27499999999999997
NZLVNM,2024_3Q,cc1,NZL,VNM,East Asia & Pacific,1,2.0,2.003846153846154,0.0,37,10,6.48,0.95,2.152,10.81081081081081,6,5.495,16.666666666666664,Western Union,Money transfer operator,mobile wallet,0.0,-4.48,1.05,-0.15200000000000014
NZLVNM,2024_3Q,cc2,NZL,VNM,East Asia & Pacific,1,1.33,1.3323076923076924,0.0,37,10,5.05,0.51,1.1960000000000002,10.81081081081081,6,3.825,16.666666666666664,Western Union,Money transfer operator,mobile wallet,0.0,-3.7199999999999998,0.8200000000000001,0.1339999999999999
NZLVNM,2024_4Q,cc1,NZL,VNM,East Asia & Pacific,1,1.58,1.5576923076923077,0.02,37,10,6.86,2.81,3.492,0.0,6,5.225,0.0,MoneyGram,Money transfer operator,cash,,-5.28,-1.23,-1.912
NZLVNM,2024_4Q,cc2,NZL,VNM,East Asia & Pacific,1,1.05,1.0353846153846153,0.01,37,10,5.63,1.66,2.342,0.0,6,3.76,0.0,MoneyGram,Money transfer operator,cash,,-4.58,-0.6099999999999999,-1.292
NZLVNM,2025_1Q,cc1,NZL,VNM,East Asia & Pacific,1,1.23,1.3384615384615384,-0.11,37,10,7.39,2.5100000000000002,3.294,0.0,6,5.455,0.0,Ria,Money transfer operator,cash,,-6.16,-1.2800000000000002,-2.064
NZLVNM,2025_1Q,cc2,NZL,VNM,East Asia & Pacific,1,0.73,0.836923076923077,-0.11,37,10,6.03,1.59,2.144,0.0,6,3.675,0.0,Ria,Money transfer operator,cash,,-5.300000000000001,-0.8600000000000001,-1.4140000000000001
NZLVNM,2025_3Q,cc1,NZL,VNM,East Asia & Pacific,1,1.39,1.3615384615384616,0.03,27,10,5.89,2.67,3.19,0.0,5,3.66,0.0,Ria,Money transfer operator,cash,,-4.5,-1.28,-1.8
NZLVNM,2025_3Q,cc2,NZL,VNM,East Asia & Pacific,1,0.87,0.836923076923077,0.03,27,10,4.52,1.52,2.194,0.0,5,2.51,0.0,Ria,Money transfer operator,cash,,-3.6499999999999995,-0.65,-1.3239999999999998
POLUKR,2024_3Q,cc1,POL,UKR,Europe & Central Asia,3,1.69,1.2267441860465116,0.46,27,6,2.98,0.57,1.81,7.4074074074074066,10,2.65,10.0,Western Union,Money transfer operator,bank account,100.0,-1.29,1.12,-0.1200000000000001
POLUKR,2024_3Q,cc2,POL,UKR,Europe & Central Asia,3,1.55,1.0906976744186048,0.46,27,6,2.62,0.57,1.47,14.814814814814813,10,2.58,30.0,Western Union,Money transfer operator,bank account,50.0,-1.07,0.9800000000000001,0.08000000000000007
POLUKR,2024_4Q,cc1,POL,UKR,Europe & Central Asia,3,1.93,1.216279069767442,0.71,26,6,3.465,1.1,1.4449999999999998,26.923076923076923,10,1.905,50.0,TransferGo,Money transfer operator,bank account,100.0,-1.535,0.8299999999999998,0.4850000000000001
POLUKR,2024_4Q,cc2,POL,UKR,Europe & Central Asia,3,1.79,1.0846511627906976,0.71,26,6,2.56,1.1,1.4449999999999998,26.923076923076923,10,1.7349999999999999,50.0,TransferGo,Money transfer operator,bank account,100.0,-0.77,0.69,0.3450000000000002
POLUKR,2025_1Q,cc1,POL,UKR,Europe & Central Asia,3,3.02,2.0697674418604652,0.95,27,6,3.7199999999999998,1.11,1.59,22.22222222222222,10,2.46,50.0,Western Union,Money transfer operator,bank account,66.66666666666666,-0.6999999999999997,1.91,1.43
POLUKR,2025_1Q,cc2,POL,UKR,Europe & Central Asia,3,2.88,1.934418604651163,0.95,27,6,3.02,1.11,1.452,48.148148148148145,10,1.755,60.0,Western Union,Money transfer operator,bank account,30.76923076923077,-0.14000000000000012,1.7699999999999998,1.428
POLUKR,2025_3Q,cc1,POL,UKR,Europe & Central Asia,3,3.39,2.548837209302326,0.84,19,6,3.01,0.1,0.318,63.1578947368421,10,1.0,90.0,TransferGo,Money transfer operator,bank account,58.333333333333336,0.38000000000000034,3.29,3.072
POLUKR,2025_3Q,cc2,POL,UKR,Europe & Central Asia,3,3.07,2.231627906976744,0.84,19,6,2.55,0.1,0.318,68.42105263157895,10,0.845,80.0,TransferGo,Money transfer operator,bank account,46.15384615384615,0.52,2.9699999999999998,2.752
PRTBRA,2024_3Q,cc1,PRT,BRA,Latin America & Caribbean,1,2.24,2.2,0.04,10,2,8.57,3.41,3.41,0.0,4,4.385,0.0,MoneyGram,Money transfer operator,bank account,,-6.33,-1.17,-1.17
PRTBRA,2024_3Q,cc2,PRT,BRA,Latin America & Caribbean,1,1.35,1.3130434782608695,0.04,10,2,6.46,2.99,2.99,0.0,4,3.54,0.0,MoneyGram,Money transfer operator,bank account,,-5.109999999999999,-1.6400000000000001,-1.6400000000000001
PRTBRA,2024_4Q,cc1,PRT,BRA,Latin America & Caribbean,1,1.61,1.7142857142857144,-0.1,6,2,8.61,2.92,3.785,0.0,2,4.65,0.0,MoneyGram,Money transfer operator,cash,,-6.999999999999999,-1.3099999999999998,-2.175
PRTBRA,2024_4Q,cc2,PRT,BRA,Latin America & Caribbean,1,1.22,1.318840579710145,-0.1,6,2,7.555000000000001,2.92,3.575,0.0,2,4.23,0.0,MoneyGram,Money transfer operator,cash,,-6.335000000000001,-1.7,-2.3550000000000004
PRTBRA,2025_1Q,cc1,PRT,BRA,Latin America & Caribbean,1,1.71,1.6999999999999997,0.01,10,2,5.48,4.09,4.09,0.0,4,4.105,0.0,Western Union,Money transfer operator,bank account,,-3.7700000000000005,-2.38,-2.38
PRTBRA,2025_1Q,cc2,PRT,BRA,Latin America & Caribbean,1,1.3299999999999998,1.3159420289855073,0.01,10,2,3.6999999999999997,2.82,2.82,0.0,4,3.26,0.0,Western Union,Money transfer operator,bank account,,-2.37,-1.49,-1.49
PRTBRA,2025_3Q,cc1,PRT,BRA,Latin America & Caribbean,1,1.69,1.6928571428571428,0.0,10,3,5.41,3.79,4.213,0.0,7,4.85,0.0,MoneyGram,Money transfer operator,bank account,,-3.72,-2.1,-2.523
PRTBRA,2025_3Q,cc2,PRT,BRA,Latin America & Caribbean,1,1.31,1.3130434782608695,0.0,10,3,3.71,3.34,3.34,0.0,7,3.84,0.0,Western Union,Money transfer operator,cash,,-2.4,-2.03,-2.03
SGPBGD,2024_3Q,cc1,SGP,BGD,South Asia,1,6.57,2.6423076923076922,3.93,23,10,6.54,5.28,5.536,60.86956521739131,3,8.96,33.33333333333333,MoneyGram,Money transfer operator,cash,0.0,0.03000000000000025,1.29,1.0340000000000007
SGPBGD,2024_3Q,cc2,SGP,BGD,South Asia,1,5.36,1.4341085271317828,3.93,23,10,5.63,4.6,5.04,30.434782608695656,3,7.81,33.33333333333333,MoneyGram,Money transfer operator,cash,0.0,-0.2699999999999996,0.7600000000000007,0.3200000000000003
SGPBGD,2024_4Q,cc1,SGP,BGD,South Asia,1,5.28,2.6615384615384614,2.62,19,9,4.67,2.3,2.888,84.21052631578947,3,4.78,100.0,MoneyGram,Money transfer operator,cash,0.0,0.6100000000000003,2.9800000000000004,2.3920000000000003
SGPBGD,2024_4Q,cc2,SGP,BGD,South Asia,1,4.06,1.4403100775193796,2.62,19,9,3.63,1.84,1.888,73.68421052631578,3,3.63,100.0,Agrani Exchange House (Agrani Bank),Mixed / multiple types,bank account,0.0,0.4299999999999997,2.2199999999999998,2.1719999999999997
SGPBGD,2025_1Q,cc1,SGP,BGD,South Asia,1,4.63,1.7846153846153845,2.85,22,9,4.355,3.7600000000000002,4.14,54.54545454545454,3,6.859999999999999,33.33333333333333,InstaReM,Money transfer operator,bank account,0.0,0.27499999999999947,0.8699999999999997,0.4900000000000002
SGPBGD,2025_1Q,cc2,SGP,BGD,South Asia,1,3.93,1.083720930232558,2.85,22,9,3.625,3.0,3.0,54.54545454545454,3,5.71,33.33333333333333,Prime Bank (Prime Exchange Co.),Bank,bank account,0.0,0.30500000000000016,0.9300000000000002,0.9300000000000002
SGPBGD,2025_3Q,cc1,SGP,BGD,South Asia,1,5.97,2.003846153846154,3.97,22,9,6.42,3.37,4.521,45.45454545454545,3,8.47,33.33333333333333,NBL Money Transfer,Money transfer operator,cash,0.0,-0.4500000000000002,2.5999999999999996,1.4489999999999998
SGPBGD,2025_3Q,cc2,SGP,BGD,South Asia,1,5.28,1.3069767441860465,3.97,22,9,5.695,2.23,4.419,45.45454545454545,3,7.32,33.33333333333333,NBL Money Transfer,Money transfer operator,cash,0.0,-0.41500000000000004,3.0500000000000003,0.8610000000000007
SGPCHN,2024_3Q,cc1,SGP,CHN,East Asia & Pacific,1,2.99,2.9461538461538463,0.04,16,8,3.6100000000000003,0.86,0.86,37.5,4,5.7,25.0,DBS Remit,Money transfer operator,bank account,50.0,-0.6200000000000001,2.1300000000000003,2.1300000000000003
SGPCHN,2024_3Q,cc2,SGP,CHN,East Asia & Pacific,1,1.6,1.5550387596899222,0.04,16,8,2.9699999999999998,0.86,0.86,18.75,4,3.8550000000000004,25.0,DBS Remit,Money transfer operator,bank account,100.0,-1.3699999999999997,0.7400000000000001,0.7400000000000001
SGPCHN,2024_4Q,cc1,SGP,CHN,East Asia & Pacific,1,3.0,2.9846153846153847,0.02,15,8,3.93,0.95,0.95,33.33333333333333,4,5.76,25.0,DBS Remit,Money transfer operator,bank account,80.0,-0.9300000000000002,2.05,2.05
SGPCHN,2024_4Q,cc2,SGP,CHN,East Asia & Pacific,1,1.59,1.5720930232558141,0.02,15,8,3.71,0.9,0.95,33.33333333333333,4,4.03,25.0,MoneyGram,Money transfer operator,bank account,80.0,-2.12,0.6900000000000001,0.6400000000000001
SGPCHN,2025_1Q,cc1,SGP,CHN,East Asia & Pacific,1,2.29,2.1884615384615387,0.1,14,8,4.04,1.02,1.04,28.57142857142857,4,5.69,25.0,DBS Remit,Bank,bank account,75.0,-1.75,1.27,1.25
SGPCHN,2025_1Q,cc2,SGP,CHN,East Asia & Pacific,1,1.35,1.2496124031007754,0.1,14,8,3.665,0.96,1.026,28.57142857142857,4,4.109999999999999,25.0,MoneyGram,Money transfer operator,bank account,75.0,-2.315,0.3900000000000001,0.32400000000000007
SGPCHN,2025_3Q,cc1,SGP,CHN,East Asia & Pacific,1,2.15,2.1384615384615384,0.01,13,8,5.46,1.05,1.05,23.076923076923077,4,5.65,25.0,DBS Remit,Bank,bank account,100.0,-3.31,1.0999999999999999,1.0999999999999999
SGPCHN,2025_3Q,cc2,SGP,CHN,East Asia & Pacific,1,1.24,1.2310077519379845,0.01,13,8,3.47,1.05,1.05,23.076923076923077,4,4.065,25.0,DBS Remit,Bank,bank account,100.0,-2.2300000000000004,0.18999999999999995,0.18999999999999995
SGPIDN,2024_3Q,cc1,SGP,IDN,East Asia & Pacific,1,0.8,0.823076923076923,-0.02,29,17,2.94,0.55,1.08,10.344827586206897,7,2.66,14.285714285714285,DBS Remit,Money transfer operator,bank account,66.66666666666666,-2.1399999999999997,0.25,-0.28
SGPIDN,2024_3Q,cc2,SGP,IDN,East Asia & Pacific,1,0.55,0.5705426356589147,-0.02,29,17,1.87,0.51,0.622,3.4482758620689653,7,2.12,0.0,MoneyGram,Money transfer operator,cash,0.0,-1.32,0.040000000000000036,-0.07199999999999995
SGPIDN,2024_4Q,cc1,SGP,IDN,East Asia & Pacific,1,0.82,0.8153846153846154,0.0,32,19,3.31,0.95,1.58,0.0,7,3.0,0.0,InstaReM,Money transfer operator,bank account,,-2.49,-0.13,-0.7600000000000001
SGPIDN,2024_4Q,cc2,SGP,IDN,East Asia & Pacific,1,0.57,0.5674418604651164,0.0,32,19,2.2649999999999997,0.9,1.55,0.0,7,1.86,0.0,MoneyGram,Money transfer operator,cash,,-1.6949999999999998,-0.33000000000000007,-0.9800000000000001
SGPIDN,2025_1Q,cc1,SGP,IDN,East Asia & Pacific,1,0.19,0.8307692307692307,-0.64,31,18,2.91,0.63,1.3599999999999999,0.0,7,2.63,0.0,InstaReM,Money transfer operator,bank account,,-2.72,-0.44,-1.17
SGPIDN,2025_1Q,cc2,SGP,IDN,East Asia & Pacific,1,-0.06999999999999999,0.5736434108527132,-0.64,31,18,2.35,0.52,0.84,0.0,7,1.34,0.0,MoneyGram,Money transfer operator,cash,,-2.42,-0.59,-0.9099999999999999
SGPIDN,2025_3Q,cc1,SGP,IDN,East Asia & Pacific,1,0.92,0.9192307692307692,0.0,29,17,2.62,1.43,1.83,0.0,6,3.745,0.0,DBS Remit,Bank,bank account,,-1.7000000000000002,-0.5099999999999999,-0.91
SGPIDN,2025_3Q,cc2,SGP,IDN,East Asia & Pacific,1,0.61,0.6077519379844961,0.0,29,17,1.77,0.99,1.194,0.0,6,3.05,0.0,Pay2Home Remittance,Money transfer operator,bank account,,-1.1600000000000001,-0.38,-0.584
SGPIND,2024_3Q,cc1,SGP,IND,South Asia,1,0.88,0.8807692307692307,0.0,29,15,2.19,0.48,0.6,20.689655172413794,12,2.24,33.33333333333333,State Bank of India,Bank,bank account,83.33333333333334,-1.31,0.4,0.28
SGPIND,2024_3Q,cc2,SGP,IND,South Asia,1,0.63,0.6263565891472869,0.0,29,15,1.05,0.48,0.6,17.24137931034483,12,1.3800000000000001,25.0,State Bank of India,Bank,bank account,80.0,-0.42000000000000004,0.15000000000000002,0.030000000000000027
SGPIND,2024_4Q,cc1,SGP,IND,South Asia,1,0.83,0.8269230769230769,0.0,27,14,2.69,0.26,1.07,7.4074074074074066,11,2.67,9.090909090909092,State Bank of India,Bank,bank account,100.0,-1.8599999999999999,0.57,-0.2400000000000001
SGPIND,2024_4Q,cc2,SGP,IND,South Asia,1,0.57,0.5705426356589147,0.0,27,14,1.76,0.26,0.776,7.4074074074074066,11,1.76,18.181818181818183,State Bank of India,Bank,bank account,50.0,-1.19,0.30999999999999994,-0.20600000000000007
SGPIND,2025_1Q,cc1,SGP,IND,South Asia,1,0.8099999999999999,0.8269230769230769,-0.02,28,14,2.65,0.69,0.7100000000000001,17.857142857142858,12,2.255,25.0,InstaReM,Money transfer operator,bank account,80.0,-1.8399999999999999,0.12,0.09999999999999987
SGPIND,2025_1Q,cc2,SGP,IND,South Asia,1,0.5499999999999999,0.5720930232558139,-0.02,28,14,1.6400000000000001,0.69,0.7100000000000001,0.0,12,1.415,0.0,InstaReM,Money transfer operator,bank account,,-1.0900000000000003,-0.14,-0.16000000000000014
SGPIND,2025_3Q,cc1,SGP,IND,South Asia,1,0.83,0.8307692307692307,0.0,26,12,2.75,0.5,1.09,3.8461538461538463,10,2.85,10.0,State Bank of India,Bank,bank account,100.0,-1.92,0.32999999999999996,-0.2600000000000001
SGPIND,2025_3Q,cc2,SGP,IND,South Asia,1,0.57,0.5720930232558139,0.0,26,12,1.84,0.5,0.985,3.8461538461538463,10,2.395,10.0,State Bank of India,Bank,bank account,100.0,-1.27,0.06999999999999995,-0.41500000000000004
SGPLKA,2024_3Q,cc1,SGP,LKA,South Asia,1,1.7,1.673076923076923,0.03,15,7,3.51,0.74,1.508,20.0,3,3.86,33.33333333333333,InstaReM,Money transfer operator,bank account,0.0,-1.8099999999999998,0.96,0.19199999999999995
SGPLKA,2024_3Q,cc2,SGP,LKA,South Asia,1,0.94,0.9131782945736433,0.03,15,7,2.46,0.74,0.8280000000000001,13.333333333333334,3,2.71,33.33333333333333,InstaReM,Money transfer operator,bank account,0.0,-1.52,0.19999999999999996,0.11199999999999988
SGPLKA,2024_4Q,cc1,SGP,LKA,South Asia,1,1.69,1.6653846153846155,0.02,15,7,3.54,1.21,1.53,20.0,3,3.54,33.33333333333333,InstaReM,Money transfer operator,bank account,0.0,-1.85,0.48,0.15999999999999992
SGPLKA,2024_4Q,cc2,SGP,LKA,South Asia,1,0.93,0.9100775193798449,0.02,15,7,2.65,0.81,0.862,20.0,3,2.39,0.0,MoneyGram,Money transfer operator,cash,0.0,-1.7199999999999998,0.12,0.06800000000000006
SGPLKA,2025_1Q,cc1,SGP,LKA,South Asia,1,1.7500000000000002,1.6807692307692308,0.06999999999999999,14,6,3.77,0.75,1.874,7.142857142857142,3,4.03,33.33333333333333,InstaReM,Money transfer operator,bank account,0.0,-2.0199999999999996,1.0000000000000002,-0.12399999999999989
SGPLKA,2025_1Q,cc2,SGP,LKA,South Asia,1,0.98,0.9100775193798449,0.06999999999999999,14,6,2.79,0.75,1.1940000000000002,7.142857142857142,3,2.88,33.33333333333333,InstaReM,Money transfer operator,bank account,0.0,-1.81,0.22999999999999998,-0.2140000000000002
SGPLKA,2025_3Q,cc1,SGP,LKA,South Asia,1,1.68,1.673076923076923,0.01,14,6,4.03,0.94,2.167,7.142857142857142,3,4.03,33.33333333333333,InstaReM,Money transfer operator,bank account,0.0,-2.3500000000000005,0.74,-0.4869999999999999
SGPLKA,2025_3Q,cc2,SGP,LKA,South Asia,1,0.92,0.9131782945736433,0.01,14,6,3.06,0.94,1.469,0.0,3,2.88,0.0,InstaReM,Money transfer operator,bank account,,-2.14,-0.019999999999999907,-0.549
SGPMYS,2024_3Q,cc1,SGP,MYS,East Asia & Pacific,1,0.76,0.7576923076923077,0.0,29,18,2.92,0.11,0.99,3.4482758620689653,9,1.36,11.11111111111111,Maybank,Bank,bank account,100.0,-2.16,0.65,-0.22999999999999998
SGPMYS,2024_3Q,cc2,SGP,MYS,East Asia & Pacific,1,0.5,0.496124031007752,0.0,29,18,2.25,0.11,0.8099999999999999,3.4482758620689653,9,1.36,11.11111111111111,Maybank,Bank,bank account,100.0,-1.75,0.39,-0.30999999999999994
SGPMYS,2024_4Q,cc1,SGP,MYS,East Asia & Pacific,1,0.63,0.6384615384615384,-0.01,30,19,3.52,1.0,1.0630000000000002,0.0,9,2.6,0.0,DBS Remit,Money transfer operator,bank account,,-2.89,-0.37,-0.43300000000000016
SGPMYS,2024_4Q,cc2,SGP,MYS,East Asia & Pacific,1,0.43,0.4418604651162791,-0.01,30,19,2.5700000000000003,0.63,0.9850000000000001,0.0,9,2.08,0.0,Pay2Home Remittance,Money transfer operator,bank account,,-2.14,-0.2,-0.5550000000000002
SGPMYS,2025_1Q,cc1,SGP,MYS,East Asia & Pacific,1,0.88,0.6423076923076922,0.24,29,18,3.36,0.84,0.98,3.4482758620689653,8,1.75,12.5,InstaReM,Money transfer operator,bank account,0.0,-2.48,0.040000000000000036,-0.09999999999999998
SGPMYS,2025_1Q,cc2,SGP,MYS,East Asia & Pacific,1,0.6799999999999999,0.4403100775193798,0.24,29,18,2.22,0.84,0.966,0.0,8,1.65,0.0,InstaReM,Money transfer operator,bank account,,-1.5400000000000003,-0.16000000000000003,-0.28600000000000003
SGPMYS,2025_3Q,cc1,SGP,MYS,East Asia & Pacific,1,0.65,0.6384615384615384,0.01,29,18,4.45,0.8,0.9,0.0,9,1.01,0.0,Maybank,Bank,bank account,,-3.8000000000000003,-0.15000000000000002,-0.25
SGPMYS,2025_3Q,cc2,SGP,MYS,East Asia & Pacific,1,0.45,0.4418604651162791,0.01,29,18,2.41,0.79,0.856,0.0,9,0.9,0.0,BigPay,Money transfer operator,bank account,,-1.9600000000000002,-0.34,-0.40599999999999997
SGPPAK,2024_3Q,cc1,SGP,PAK,South Asia,1,0.86,1.0807692307692307,-0.22,12,3,1.37,0.63,0.73,25.0,4,1.05,50.0,MoneyGram,Money transfer operator,cash,100.0,-0.5100000000000001,0.22999999999999998,0.13
SGPPAK,2024_3Q,cc2,SGP,PAK,South Asia,1,0.51,0.7271317829457365,-0.22,12,3,1.37,0.63,0.73,0.0,4,1.05,0.0,MoneyGram,Money transfer operator,cash,,-0.8600000000000001,-0.12,-0.21999999999999997
SGPPAK,2024_4Q,cc1,SGP,PAK,South Asia,1,0.82,1.1192307692307693,-0.3,12,3,1.33,0.69,0.69,25.0,4,1.01,50.0,MoneyGram,Money transfer operator,cash,100.0,-0.5100000000000001,0.13,0.13
SGPPAK,2024_4Q,cc2,SGP,PAK,South Asia,1,0.44,0.7426356589147287,-0.3,12,3,1.33,0.69,0.69,0.0,4,1.01,0.0,MoneyGram,Money transfer operator,cash,,-0.8900000000000001,-0.24999999999999994,-0.24999999999999994
SGPPAK,2025_1Q,cc1,SGP,PAK,South Asia,1,1.1400000000000001,1.1192307692307693,0.02,12,3,1.51,1.02,1.032,16.666666666666664,4,1.2650000000000001,50.0,MoneyGram,Money transfer operator,bank account,100.0,-0.3699999999999999,0.1200000000000001,0.1080000000000001
SGPPAK,2025_1Q,cc2,SGP,PAK,South Asia,1,0.76,0.7395348837209301,0.02,12,3,1.51,1.02,1.032,0.0,4,1.2650000000000001,0.0,MoneyGram,Money transfer operator,bank account,,-0.75,-0.26,-0.272
SGPPAK,2025_3Q,cc1,SGP,PAK,"Middle East, North Africa, Afghanistan & Pakistan",1,1.26,1.1153846153846154,0.14,11,3,1.52,1.36,1.36,0.0,4,1.44,0.0,MoneyGram,Money transfer operator,bank account,,-0.26,-0.10000000000000009,-0.10000000000000009
SGPPAK,2025_3Q,cc2,SGP,PAK,"Middle East, North Africa, Afghanistan & Pakistan",1,0.88,0.7410852713178295,0.14,11,3,1.52,1.36,1.36,0.0,4,1.44,0.0,MoneyGram,Money transfer operator,bank account,,-0.64,-0.4800000000000001,-0.4800000000000001
SGPPHL,2024_3Q,cc1,SGP,PHL,East Asia & Pacific,1,0.93,1.0692307692307692,-0.14,36,18,2.66,0.73,1.47,2.7777777777777777,9,3.14,11.11111111111111,InstaReM,Money transfer operator,bank account,0.0,-1.73,0.20000000000000007,-0.5399999999999999
SGPPHL,2024_3Q,cc2,SGP,PHL,East Asia & Pacific,1,0.6,0.7426356589147287,-0.14,36,18,1.6099999999999999,0.73,0.935,0.0,9,2.77,0.0,InstaReM,Money transfer operator,bank account,,-1.0099999999999998,-0.13,-0.3350000000000001
SGPPHL,2024_4Q,cc1,SGP,PHL,East Asia & Pacific,1,1.11,1.0807692307692307,0.03,37,18,2.89,0.92,1.448,10.81081081081081,10,3.015,20.0,DBS Remit,Money transfer operator,bank account,75.0,-1.78,0.19000000000000006,-0.33799999999999986
SGPPHL,2024_4Q,cc2,SGP,PHL,East Asia & Pacific,1,0.77,0.7395348837209301,0.03,37,18,2.03,0.92,0.992,0.0,10,2.56,0.0,DBS Remit,Money transfer operator,bank account,,-1.2599999999999998,-0.15000000000000002,-0.22199999999999998
SGPPHL,2025_1Q,cc1,SGP,PHL,East Asia & Pacific,1,0.96,0.8615384615384617,0.1,38,18,2.68,0.73,1.563,2.631578947368421,10,2.69,10.0,InstaReM,Money transfer operator,bank account,0.0,-1.7200000000000002,0.22999999999999998,-0.603
SGPPHL,2025_1Q,cc2,SGP,PHL,East Asia & Pacific,1,0.75,0.6496124031007753,0.1,38,18,1.6099999999999999,0.73,1.09,2.631578947368421,10,2.235,10.0,InstaReM,Money transfer operator,bank account,0.0,-0.8599999999999999,0.020000000000000018,-0.3400000000000001
SGPPHL,2025_3Q,cc1,SGP,PHL,East Asia & Pacific,1,0.86,0.8615384615384617,0.0,35,17,2.46,0.76,1.24,2.857142857142857,10,1.895,10.0,InstaReM,Money transfer operator,bank account,0.0,-1.6,0.09999999999999998,-0.38
SGPPHL,2025_3Q,cc2,SGP,PHL,East Asia & Pacific,1,0.65,0.6496124031007753,0.0,35,17,1.36,0.76,1.038,0.0,10,1.375,0.0,InstaReM,Money transfer operator,bank account,,-0.7100000000000001,-0.10999999999999999,-0.388
SGPTHA,2024_3Q,cc1,SGP,THA,East Asia & Pacific,1,0.76,0.7692307692307693,-0.01,19,10,4.1,1.13,1.722,0.0,6,4.275,0.0,InstaReM,Money transfer operator,bank account,,-3.34,-0.3699999999999999,-0.962
SGPTHA,2024_3Q,cc2,SGP,THA,East Asia & Pacific,1,0.3,0.31007751937984496,-0.01,19,10,2.88,1.12,1.3539999999999999,0.0,6,2.67,0.0,MoneyGram,Money transfer operator,cash,,-2.58,-0.8200000000000001,-1.0539999999999998
SGPTHA,2024_4Q,cc1,SGP,THA,East Asia & Pacific,1,1.04,1.2269230769230768,-0.19,19,10,5.3,1.16,1.86,0.0,6,4.640000000000001,0.0,InstaReM,Money transfer operator,bank account,,-4.26,-0.11999999999999988,-0.8200000000000001
SGPTHA,2024_4Q,cc2,SGP,THA,East Asia & Pacific,1,0.6,0.7860465116279071,-0.19,19,10,4.48,1.16,1.794,0.0,6,3.035,0.0,InstaReM,Money transfer operator,bank account,,-3.8800000000000003,-0.5599999999999999,-1.194
SGPTHA,2025_1Q,cc1,SGP,THA,East Asia & Pacific,1,1.25,1.2384615384615385,0.01,18,9,4.34,1.08,1.129,22.22222222222222,5,3.6999999999999997,40.0,DBS Remit,Bank,bank account,75.0,-3.09,0.16999999999999993,0.121
SGPTHA,2025_1Q,cc2,SGP,THA,East Asia & Pacific,1,0.8,0.7906976744186046,0.01,18,9,4.125,1.08,1.129,0.0,5,2.79,0.0,DBS Remit,Bank,bank account,,-3.325,-0.28,-0.32899999999999996
SGPTHA,2025_3Q,cc1,SGP,THA,East Asia & Pacific,1,1.23,1.2307692307692308,0.0,18,9,4.34,1.01,1.43,5.555555555555555,6,3.71,16.666666666666664,InstaReM,Money transfer operator,bank account,0.0,-3.11,0.21999999999999997,-0.19999999999999996
SGPTHA,2025_3Q,cc2,SGP,THA,East Asia & Pacific,1,0.79,0.7875968992248062,0.0,18,9,3.54,1.01,1.43,0.0,6,2.8,0.0,InstaReM,Money transfer operator,bank account,,-2.75,-0.21999999999999997,-0.6399999999999999
SWECHN,2025_3Q,cc1,SWE,CHN,East Asia & Pacific,3,3.69,3.678823529411765,0.01,14,6,6.73,3.55,3.55,28.57142857142857,7,4.65,28.57142857142857,Remitly,Money transfer operator,bank account,0.0,-3.0400000000000005,0.14000000000000012,0.14000000000000012
SWECHN,2025_3Q,cc2,SWE,CHN,East Asia & Pacific,3,2.61,2.604651162790698,0.01,14,6,5.31,2.13,2.13,28.57142857142857,7,3.59,28.57142857142857,Remitly,Money transfer operator,bank account,0.0,-2.6999999999999997,0.48,0.48
SWEIND,2025_3Q,cc1,SWE,IND,South Asia,3,2.2,2.203529411764706,0.0,22,8,2.96,0.72,2.34,9.090909090909092,12,2.5,16.666666666666664,Skrill,Money transfer operator,bank account,100.0,-0.7599999999999998,1.4800000000000002,-0.13999999999999968
SWEIND,2025_3Q,cc2,SWE,IND,South Asia,3,1.89,1.891860465116279,0.0,22,8,2.17,0.72,1.28,36.36363636363637,12,1.9,50.0,Skrill,Money transfer operator,bank account,25.0,-0.28,1.17,0.6099999999999999
TURBGR,2024_3Q,cc1,TUR,BGR,Europe & Central Asia,1,26.63,26.29473684210526,0.34,12,8,33.335,11.98,12.642,41.66666666666667,5,92.31,40.0,Turkey IS Bank via Western Union,Mixed / multiple types,bank account,0.0,-6.705000000000002,14.649999999999999,13.988
TURBGR,2024_3Q,cc2,TUR,BGR,Europe & Central Asia,1,11.38,11.035714285714286,0.34,12,8,14.43,7.99,8.311,41.66666666666667,5,38.43,40.0,MoneyGram,Money transfer operator,bank account,0.0,-3.049999999999999,3.3900000000000006,3.069000000000001
TURBGR,2024_4Q,cc1,TUR,BGR,Europe & Central Asia,1,26.32,26.291228070175443,0.03,12,8,48.845,11.84,13.229000000000001,41.66666666666667,5,93.14,40.0,Turkey IS Bank via Western Union,Mixed / multiple types,bank account,0.0,-22.525,14.48,13.091
TURBGR,2024_4Q,cc2,TUR,BGR,Europe & Central Asia,1,11.06,11.034285714285714,0.03,12,8,20.67,7.6,8.145,41.66666666666667,5,38.53,40.0,Western Union,Money transfer operator,bank account,0.0,-9.610000000000001,3.460000000000001,2.915000000000001
TURBGR,2025_1Q,cc1,TUR,BGR,Europe & Central Asia,1,26.43,26.29298245614035,0.13999999999999999,10,7,83.64500000000001,12.520000000000001,12.817,30.0,3,101.25,0.0,Turkey IS Bank via Western Union,Mixed / multiple types,bank account,0.0,-57.21500000000001,13.909999999999998,13.613
TURBGR,2025_1Q,cc2,TUR,BGR,Europe & Central Asia,1,11.18,11.035714285714286,0.13999999999999999,10,7,34.989999999999995,7.199999999999999,8.622000000000002,20.0,3,41.959999999999994,0.0,MoneyGram,Money transfer operator,bank account,0.0,-23.809999999999995,3.9800000000000004,2.557999999999998
TURBGR,2025_3Q,cc1,TUR,BGR,Europe & Central Asia,1,26.29,26.29473684210526,0.0,10,8,115.49,13.2,13.2,20.0,4,115.49,0.0,MoneyGram,Money transfer operator,bank account,0.0,-89.19999999999999,13.09,13.09
TURBGR,2025_3Q,cc2,TUR,BGR,Europe & Central Asia,1,11.04,11.035714285714286,0.0,10,8,48.480000000000004,9.1,9.1,20.0,4,48.480000000000004,0.0,MoneyGram,Money transfer operator,bank account,0.0,-37.440000000000005,1.9399999999999995,1.9399999999999995
USABGD,2024_3Q,cc1,USA,BGD,South Asia,3,9.76,5.655,4.1,18,8,7.465,5.07,5.6,77.77777777777779,3,7.69,66.66666666666666,Walmart2World,Bank,cash,21.428571428571427,2.295,4.6899999999999995,4.16
USABGD,2024_3Q,cc2,USA,BGD,South Asia,3,6.76,2.662,4.1,18,8,6.785,3.57,5.225,44.44444444444444,3,6.79,33.33333333333333,Walmart2World,Bank,cash,37.5,-0.025000000000000355,3.19,1.5350000000000001
USABGD,2024_4Q,cc1,USA,BGD,South Asia,3,7.65,5.675,1.97,18,8,5.155,1.48,2.425,72.22222222222221,3,3.89,100.0,Remitly,Money transfer operator,mobile wallet,15.384615384615385,2.495,6.17,5.2250000000000005
USABGD,2024_4Q,cc2,USA,BGD,South Asia,3,4.71,2.7399999999999998,1.97,18,8,3.885,1.48,1.596,61.111111111111114,3,2.99,66.66666666666666,Remitly,Money transfer operator,mobile wallet,18.181818181818183,0.8250000000000002,3.23,3.114
USABGD,2025_1Q,cc1,USA,BGD,South Asia,3,7.66,3.9149999999999996,3.74,18,8,7.57,4.3,5.463,50.0,3,6.69,66.66666666666666,Remitly,Money transfer operator,mobile wallet,22.22222222222222,0.08999999999999986,3.3600000000000003,2.197
USABGD,2025_1Q,cc2,USA,BGD,South Asia,3,6.4799999999999995,2.7420000000000004,3.74,18,8,6.3149999999999995,4.3,4.738,61.111111111111114,3,5.79,66.66666666666666,Remitly,Money transfer operator,mobile wallet,18.181818181818183,0.16500000000000004,2.1799999999999997,1.741999999999999
USABGD,2025_3Q,cc1,USA,BGD,South Asia,3,7.52,3.1850000000000005,4.33,21,8,7.53,5.17,5.55,47.61904761904761,4,5.79,75.0,Remitly,Money transfer operator,bank account,0.0,-0.010000000000000675,2.3499999999999996,1.9699999999999998
USABGD,2025_3Q,cc2,USA,BGD,South Asia,3,6.81,2.48,4.33,21,8,5.96,4.87,5.25,61.904761904761905,4,5.34,75.0,Remitly,Money transfer operator,bank account,0.0,0.8499999999999996,1.9399999999999995,1.5599999999999996
USABRA,2024_3Q,cc1,USA,BRA,Latin America & Caribbean,1,4.36,4.36,0.0,27,8,6.6,2.95,4.176,14.814814814814813,11,4.55,27.27272727272727,Go Vianex,Money transfer operator,bank account,0.0,-2.2399999999999993,1.4100000000000001,0.18400000000000016
USABRA,2024_3Q,cc2,USA,BRA,Latin America & Caribbean,1,2.29,2.286,0.0,27,8,5.82,2.05,3.006,3.7037037037037033,11,4.12,9.090909090909092,Go Vianex,Money transfer operator,bank account,0.0,-3.5300000000000002,0.2400000000000002,-0.7159999999999997
USABRA,2024_4Q,cc1,USA,BRA,Latin America & Caribbean,1,4.28,4.38,-0.1,28,8,6.345,2.31,2.716,35.714285714285715,11,4.24,54.54545454545454,Viamericas,Money transfer operator,cash,0.0,-2.0649999999999995,1.9700000000000002,1.564
USABRA,2024_4Q,cc2,USA,BRA,Latin America & Caribbean,1,2.19,2.294,-0.1,28,8,4.895,1.41,1.9940000000000002,14.285714285714285,11,3.59,18.181818181818183,Viamericas,Money transfer operator,cash,0.0,-2.7049999999999996,0.78,0.19599999999999973
USABRA,2025_1Q,cc1,USA,BRA,Latin America & Caribbean,1,1.6,1.575,0.02,27,8,5.63,2.6599999999999997,3.078,0.0,10,4.109999999999999,0.0,Ria,Money transfer operator,bank account,,-4.029999999999999,-1.0599999999999996,-1.4779999999999998
USABRA,2025_1Q,cc2,USA,BRA,Latin America & Caribbean,1,1.34,1.32,0.02,27,8,3.92,1.52,2.09,0.0,10,2.625,0.0,Viamericas,Money transfer operator,cash,,-2.58,-0.17999999999999994,-0.7499999999999998
USABRA,2025_3Q,cc1,USA,BRA,Latin America & Caribbean,1,1.5,1.495,0.0,31,11,4.97,1.18,2.73,3.225806451612903,17,4.11,0.0,Bank of America,Bank,bank account,100.0,-3.4699999999999998,0.32000000000000006,-1.23
USABRA,2025_3Q,cc2,USA,BRA,Latin America & Caribbean,1,1.24,1.242,0.0,31,11,4.11,1.18,1.74,3.225806451612903,17,3.47,0.0,Bank of America,Bank,bank account,100.0,-2.87,0.06000000000000005,-0.5
USACHN,2024_3Q,cc1,USA,CHN,East Asia & Pacific,3,4.28,4.25,0.03,19,7,7.0,2.36,3.0,26.31578947368421,8,5.775,37.5,Remitly,Money transfer operator,bank account,0.0,-2.7199999999999998,1.9200000000000004,1.2800000000000002
USACHN,2024_3Q,cc2,USA,CHN,East Asia & Pacific,3,2.82,2.7899999999999996,0.03,19,7,3.44,1.46,1.8,36.84210526315789,8,4.575,37.5,Remitly,Money transfer operator,bank account,0.0,-0.6200000000000001,1.3599999999999999,1.0199999999999998
USACHN,2024_4Q,cc1,USA,CHN,East Asia & Pacific,3,6.1,6.08,0.02,19,7,7.0,2.37,3.0,42.10526315789473,8,5.875,50.0,Remitly,Money transfer operator,bank account,0.0,-0.9000000000000004,3.7299999999999995,3.0999999999999996
USACHN,2024_4Q,cc2,USA,CHN,East Asia & Pacific,3,2.94,2.92,0.02,19,7,3.63,1.47,1.8,36.84210526315789,8,4.675,37.5,Remitly,Money transfer operator,bank account,0.0,-0.69,1.47,1.14
USACHN,2025_1Q,cc1,USA,CHN,East Asia & Pacific,3,3.56,3.595,-0.04,19,7,3.64,1.81,2.172,36.84210526315789,8,3.13,62.5,Western Union,Money transfer operator,bank account,0.0,-0.08000000000000007,1.75,1.388
USACHN,2025_1Q,cc2,USA,CHN,East Asia & Pacific,3,2.5700000000000003,2.614,-0.04,19,7,2.8000000000000003,1.1900000000000002,1.25,42.10526315789473,8,2.46,62.5,Xoom,Money transfer operator,bank account,0.0,-0.22999999999999998,1.3800000000000001,1.3200000000000003
USACHN,2025_3Q,cc1,USA,CHN,East Asia & Pacific,3,3.55,3.55,0.0,19,7,3.56,1.85,2.528,31.57894736842105,8,3.4299999999999997,50.0,Western Union,Money transfer operator,bank account,0.0,-0.010000000000000231,1.6999999999999997,1.0219999999999998
USACHN,2025_3Q,cc2,USA,CHN,East Asia & Pacific,3,2.56,2.56,0.0,19,7,3.0,1.25,1.56,31.57894736842105,8,2.76,37.5,Western Union,Money transfer operator,bank account,0.0,-0.43999999999999995,1.31,1.0
USACOL,2024_3Q,cc1,USA,COL,Latin America & Caribbean,3,6.63,6.225,0.4,39,14,5.28,1.37,3.104,69.23076923076923,4,4.21,75.0,Walmart2World,Bank,cash,3.7037037037037033,1.3499999999999996,5.26,3.526
USACOL,2024_3Q,cc2,USA,COL,Latin America & Caribbean,3,4.14,3.744,0.4,38,14,4.5649999999999995,1.02,1.774,36.84210526315789,4,4.31,25.0,Wells Fargo,Bank,cash,28.57142857142857,-0.4249999999999998,3.1199999999999997,2.3659999999999997
USACOL,2024_4Q,cc1,USA,COL,Latin America & Caribbean,3,6.34,6.23,0.11,37,14,5.34,2.04,3.22,70.27027027027027,4,4.24,75.0,Viamericas,Money transfer operator,cash,0.0,1.0,4.3,3.1199999999999997
USACOL,2024_4Q,cc2,USA,COL,Latin America & Caribbean,3,3.86,3.7479999999999998,0.11,36,14,4.35,0.84,1.56,38.88888888888889,4,4.34,25.0,Viamericas,Money transfer operator,cash,21.428571428571427,-0.48999999999999977,3.02,2.3
USACOL,2025_1Q,cc1,USA,COL,Latin America & Caribbean,3,4.66,4.5,0.16,35,14,5.319999999999999,3.2,3.55,34.285714285714285,3,3.51,66.66666666666666,Go Vianex,Money transfer operator,bank account,0.0,-0.6599999999999993,1.46,1.1100000000000003
USACOL,2025_1Q,cc2,USA,COL,Latin America & Caribbean,3,3.91,3.746,0.16,34,14,3.9050000000000002,1.6099999999999999,1.948,50.0,3,2.21,66.66666666666666,Remitly,Money transfer operator,cash,17.647058823529413,0.004999999999999893,2.3000000000000003,1.9620000000000002
USACOL,2025_3Q,cc1,USA,COL,Latin America & Caribbean,3,4.44,4.435,0.0,33,14,4.32,2.62,3.202,51.515151515151516,4,3.465,75.0,Go Vianex,Money transfer operator,bank account,5.88235294117647,0.1200000000000001,1.8200000000000003,1.2380000000000004
USACOL,2025_3Q,cc2,USA,COL,Latin America & Caribbean,3,3.69,3.6859999999999995,0.0,32,14,2.92,1.31,1.824,65.625,4,1.8250000000000002,75.0,Go Vianex,Money transfer operator,bank account,33.33333333333333,0.77,2.38,1.8659999999999999
USACRI,2024_3Q,cc1,USA,CRI,Latin America & Caribbean,3,7.54,7.2700000000000005,0.27,19,7,6.88,3.0,4.168,78.94736842105263,5,5.1,80.0,Ulink,Money transfer operator,bank account,0.0,0.6600000000000001,4.54,3.372
USACRI,2024_3Q,cc2,USA,CRI,Latin America & Caribbean,3,4.04,3.772,0.27,19,7,5.2,1.2,1.8,36.84210526315789,5,3.9,60.0,Ulink,Money transfer operator,bank account,0.0,-1.1600000000000001,2.84,2.24
USACRI,2024_4Q,cc1,USA,CRI,Latin America & Caribbean,3,7.14,7.2700000000000005,-0.13,19,7,6.54,3.0,4.168,78.94736842105263,5,4.59,80.0,Ulink,Money transfer operator,bank account,0.0,0.5999999999999996,4.14,2.9719999999999995
USACRI,2024_4Q,cc2,USA,CRI,Latin America & Caribbean,3,3.64,3.7740000000000005,-0.13,19,7,4.54,1.2,1.8,36.84210526315789,5,3.39,60.0,Ulink,Money transfer operator,bank account,0.0,-0.8999999999999999,2.4400000000000004,1.84
USACRI,2025_1Q,cc1,USA,CRI,Latin America & Caribbean,3,5.57,5.545,0.02,24,8,6.220000000000001,0.8999999999999999,0.9329999999999999,37.5,7,4.590000000000001,71.42857142857143,Go Vianex,Money transfer operator,cash,0.0,-0.6500000000000004,4.67,4.6370000000000005
USACRI,2025_1Q,cc2,USA,CRI,Latin America & Caribbean,3,3.7900000000000005,3.7700000000000005,0.02,23,8,4.390000000000001,0.6,0.622,47.82608695652174,7,2.4,71.42857142857143,Go Vianex,Money transfer operator,cash,0.0,-0.6000000000000001,3.1900000000000004,3.1680000000000006
USACRI,2025_3Q,cc1,USA,CRI,Latin America & Caribbean,3,5.69,5.49,0.2,22,8,5.545,2.83,3.013,54.54545454545454,7,4.45,85.71428571428571,Go Vianex,Money transfer operator,bank account,0.0,0.14500000000000046,2.8600000000000003,2.6770000000000005
USACRI,2025_3Q,cc2,USA,CRI,Latin America & Caribbean,3,3.91,3.712,0.2,21,8,3.25,1.2,1.53,52.38095238095239,7,2.4,71.42857142857143,MoneyGram,Money transfer operator,cash,0.0,0.6600000000000001,2.71,2.38
USAEGY,2024_3Q,cc1,USA,EGY,Middle East & North Africa,3,7.7,7.705000000000001,-0.01,13,4,5.7,1.92,2.23,84.61538461538461,3,5.2,100.0,MoneyGram,Money transfer operator,bank account,0.0,2.0,5.78,5.470000000000001
USAEGY,2024_3Q,cc2,USA,EGY,Middle East & North Africa,3,3.59,3.598,-0.01,13,4,4.7,1.32,1.6300000000000001,38.46153846153847,3,3.7,33.33333333333333,MoneyGram,Money transfer operator,bank account,0.0,-1.1100000000000003,2.2699999999999996,1.9599999999999997
USAEGY,2024_4Q,cc1,USA,EGY,Middle East & North Africa,3,7.75,7.664999999999999,0.08,15,4,5.1,1.75,1.924,86.66666666666667,4,3.8649999999999998,100.0,Ria,Money transfer operator,cash,0.0,2.6500000000000004,6.0,5.8260000000000005
USAEGY,2024_4Q,cc2,USA,EGY,Middle East & North Africa,3,3.7,3.6220000000000003,0.08,15,4,3.6,1.18,1.342,53.333333333333336,4,2.815,75.0,Ria,Money transfer operator,cash,0.0,0.10000000000000009,2.5200000000000005,2.358
USAEGY,2025_1Q,cc1,USA,EGY,Middle East & North Africa,3,5.949999999999999,5.92,0.03,15,4,3.34,1.9,2.3240000000000003,86.66666666666667,4,3.87,100.0,MoneyGram,Money transfer operator,bank account,0.0,2.6099999999999994,4.049999999999999,3.625999999999999
USAEGY,2025_1Q,cc2,USA,EGY,Middle East & North Africa,3,3.65,3.62,0.03,15,4,2.22,1.3,1.54,60.0,4,2.82,50.0,MoneyGram,Money transfer operator,bank account,0.0,1.4299999999999997,2.3499999999999996,2.11
USAEGY,2025_3Q,cc1,USA,EGY,"Middle East, North Africa, Afghanistan & Pakistan",3,5.88,5.86,0.02,13,4,4.09,2.77,3.018,61.53846153846154,4,4.9,75.0,Ria,Money transfer operator,cash,0.0,1.79,3.11,2.862
USAEGY,2025_3Q,cc2,USA,EGY,"Middle East, North Africa, Afghanistan & Pakistan",3,3.58,3.562,0.02,13,4,2.89,1.8,2.1,53.84615384615385,4,3.55,50.0,MoneyGram,Money transfer operator,cash,0.0,0.69,1.78,1.48
USAIDN,2024_3Q,cc1,USA,IDN,East Asia & Pacific,1,3.66,3.655,0.0,24,8,5.93,0.29,4.5760000000000005,4.166666666666666,5,8.21,0.0,Walmart2World,Bank,cash,100.0,-2.2699999999999996,3.37,-0.9160000000000004
USAIDN,2024_3Q,cc2,USA,IDN,East Asia & Pacific,1,1.46,1.462,0.0,23,8,4.49,0.29,2.5300000000000002,4.3478260869565215,5,6.41,0.0,Walmart2World,Bank,cash,100.0,-3.0300000000000002,1.17,-1.0700000000000003
USAIDN,2024_4Q,cc1,USA,IDN,East Asia & Pacific,1,4.03,4.03,0.0,24,8,5.77,3.34,5.205,4.166666666666666,5,8.37,0.0,Walmart2World,Bank,cash,0.0,-1.7399999999999993,0.6900000000000004,-1.1749999999999998
USAIDN,2024_4Q,cc2,USA,IDN,East Asia & Pacific,1,1.89,1.8879999999999997,0.0,23,8,4.77,2.14,2.928,0.0,5,6.57,0.0,Walmart2World,Bank,cash,,-2.88,-0.2500000000000002,-1.038
USAIDN,2025_1Q,cc1,USA,IDN,East Asia & Pacific,1,1.16,1.16,0.0,23,8,6.03,4.49,5.208,0.0,5,8.540000000000001,0.0,Ria,Money transfer operator,cash,,-4.87,-3.33,-4.048
USAIDN,2025_1Q,cc2,USA,IDN,East Asia & Pacific,1,0.84,0.8420000000000001,0.0,22,8,4.71,2.79,3.414,0.0,5,6.74,0.0,MoneyGram,Money transfer operator,bank account,,-3.87,-1.9500000000000002,-2.5740000000000003
USAIDN,2025_3Q,cc1,USA,IDN,East Asia & Pacific,1,1.24,1.24,0.0,20,8,5.574999999999999,2.77,2.806,0.0,5,2.81,0.0,WorldRemit,Money transfer operator,bank account,,-4.334999999999999,-1.53,-1.566
USAIDN,2025_3Q,cc2,USA,IDN,East Asia & Pacific,1,0.87,0.872,0.0,19,8,4.05,2.17,2.202,0.0,5,2.21,0.0,WorldRemit,Money transfer operator,bank account,,-3.1799999999999997,-1.2999999999999998,-1.3319999999999999
USAIND,2024_3Q,cc1,USA,IND,South Asia,3,4.03,4.025,0.0,42,12,3.94,0.85,1.6220000000000003,52.38095238095239,14,3.37,64.28571428571429,Ria,Money transfer operator,bank account,4.545454545454546,0.0900000000000003,3.18,2.408
USAIND,2024_3Q,cc2,USA,IND,South Asia,3,1.96,1.9559999999999997,0.0,41,12,2.93,0.44,0.97,31.70731707317073,14,2.3200000000000003,42.857142857142854,MoneyGram,Money transfer operator,bank account,7.6923076923076925,-0.9700000000000002,1.52,0.99
USAIND,2024_4Q,cc1,USA,IND,South Asia,3,4.04,4.03,0.01,43,12,3.75,0.7,1.302,51.162790697674424,14,2.965,71.42857142857143,Walmart2World,Bank,cash,9.090909090909092,0.29000000000000004,3.34,2.738
USAIND,2024_4Q,cc2,USA,IND,South Asia,3,1.96,1.9539999999999997,0.01,42,12,2.67,0.51,0.9310000000000002,40.476190476190474,14,1.915,57.14285714285714,Ria,Money transfer operator,bank account,11.76470588235294,-0.71,1.45,1.029
USAIND,2025_1Q,cc1,USA,IND,South Asia,3,2.27,2.27,0.0,42,12,3.53,0.58,2.1660000000000004,14.285714285714285,14,2.6,28.57142857142857,Western Union,Money transfer operator,bank account,0.0,-1.2599999999999998,1.69,0.10399999999999965
USAIND,2025_1Q,cc2,USA,IND,South Asia,3,1.96,1.9559999999999997,0.0,41,12,2.41,0.27999999999999997,1.26,39.02439024390244,14,1.98,50.0,Western Union,Money transfer operator,bank account,0.0,-0.4500000000000002,1.68,0.7
USAIND,2025_3Q,cc1,USA,IND,South Asia,3,2.22,2.22,0.0,40,12,2.82,0.42,1.252,27.500000000000004,15,1.49,60.0,Placid Express,Money transfer operator,bank account,9.090909090909092,-0.5999999999999996,1.8000000000000003,0.9680000000000002
USAIND,2025_3Q,cc2,USA,IND,South Asia,3,1.9,1.9,0.0,39,12,1.88,0.42,0.756,53.84615384615385,15,1.2,80.0,Placid Express,Money transfer operator,bank account,4.761904761904762,0.020000000000000018,1.48,1.144
USAKEN,2024_3Q,cc1,USA,KEN,Sub-Saharan Africa,1,4.97,4.93,0.04,28,8,6.07,1.38,2.7600000000000002,39.285714285714285,3,4.01,66.66666666666666,MoneyGram,Money transfer operator,mobile wallet,36.36363636363637,-1.1000000000000005,3.59,2.2099999999999995
USAKEN,2024_3Q,cc2,USA,KEN,Sub-Saharan Africa,1,2.61,2.572,0.04,27,8,4.94,1.38,2.17,14.814814814814813,3,2.81,33.33333333333333,MoneyGram,Money transfer operator,mobile wallet,25.0,-2.3300000000000005,1.23,0.43999999999999995
USAKEN,2024_4Q,cc1,USA,KEN,Sub-Saharan Africa,1,5.12,4.945,0.17,29,8,6.14,1.15,2.432,34.48275862068966,3,4.11,66.66666666666666,MoneyGram,Money transfer operator,mobile wallet,40.0,-1.0199999999999996,3.97,2.688
USAKEN,2024_4Q,cc2,USA,KEN,Sub-Saharan Africa,1,2.75,2.58,0.17,28,8,5.13,1.15,2.057,17.857142857142858,3,2.91,33.33333333333333,MoneyGram,Money transfer operator,mobile wallet,40.0,-2.38,1.6,0.6930000000000001
USAKEN,2025_1Q,cc1,USA,KEN,Sub-Saharan Africa,1,1.9900000000000002,2.08,-0.09,29,8,5.1499999999999995,1.27,1.9980000000000002,10.344827586206897,3,3.65,0.0,MoneyGram,Money transfer operator,mobile wallet,100.0,-3.1599999999999993,0.7200000000000002,-0.008000000000000007
USAKEN,2025_1Q,cc2,USA,KEN,Sub-Saharan Africa,1,1.4500000000000002,1.5359999999999998,-0.09,28,8,4.210000000000001,1.27,1.778,3.571428571428571,3,2.45,0.0,MoneyGram,Money transfer operator,mobile wallet,100.0,-2.7600000000000007,0.18000000000000016,-0.32799999999999985
USAKEN,2025_3Q,cc1,USA,KEN,Sub-Saharan Africa,1,2.44,2.435,0.0,38,9,4.595000000000001,0.69,1.66,34.21052631578947,6,3.02,33.33333333333333,WorldRemit,Money transfer operator,mobile wallet,69.23076923076923,-2.1550000000000007,1.75,0.78
USAKEN,2025_3Q,cc2,USA,KEN,Sub-Saharan Africa,1,1.68,1.678,0.0,37,9,3.41,0.69,1.604,29.72972972972973,6,2.12,33.33333333333333,WorldRemit,Money transfer operator,mobile wallet,81.81818181818183,-1.7300000000000002,0.99,0.07599999999999985
USAMEX,2024_3Q,cc1,USA,MEX,Latin America & Caribbean,3,4.14,4.105,0.03,38,13,4.9,1.41,3.156,39.473684210526315,5,5.04,40.0,Walmart2World,Bank,cash,6.666666666666667,-0.7600000000000007,2.7299999999999995,0.9839999999999995
USAMEX,2024_3Q,cc2,USA,MEX,Latin America & Caribbean,3,2.08,2.0460000000000003,0.03,37,13,2.5,1.1,1.316,29.72972972972973,5,2.06,60.0,Ria,Money transfer operator,cash,18.181818181818183,-0.41999999999999993,0.98,0.764
USAMEX,2024_4Q,cc1,USA,MEX,Latin America & Caribbean,3,4.08,4.08,0.0,41,14,4.76,1.91,3.2,31.70731707317073,5,5.44,40.0,Ria,Money transfer operator,cash,0.0,-0.6799999999999997,2.17,0.8799999999999999
USAMEX,2024_4Q,cc2,USA,MEX,Latin America & Caribbean,3,2.05,2.054,0.0,40,14,3.0149999999999997,1.01,1.39,17.5,5,3.54,0.0,Ria,Money transfer operator,cash,0.0,-0.9649999999999999,1.0399999999999998,0.6599999999999999
USAMEX,2025_1Q,cc1,USA,MEX,Latin America & Caribbean,3,2.37,2.355,0.01,41,14,4.91,2.5,3.49,0.0,5,3.5700000000000003,0.0,Ria,Money transfer operator,cash,,-2.54,-0.1299999999999999,-1.12
USAMEX,2025_1Q,cc2,USA,MEX,Latin America & Caribbean,3,2.06,2.0460000000000003,0.01,40,14,2.8449999999999998,1.6,2.152,10.0,5,2.67,0.0,Ria,Money transfer operator,cash,0.0,-0.7849999999999997,0.45999999999999996,-0.09200000000000008
USAMEX,2025_3Q,cc1,USA,MEX,Latin America & Caribbean,3,2.32,2.29,0.03,37,13,4.73,1.71,2.6959999999999997,8.108108108108109,7,4.01,28.57142857142857,MoneyGram,Money transfer operator,bank account,0.0,-2.4100000000000006,0.6099999999999999,-0.3759999999999999
USAMEX,2025_3Q,cc2,USA,MEX,Latin America & Caribbean,3,2.02,1.9879999999999998,0.03,36,13,3.435,1.14,1.68,13.88888888888889,7,3.77,28.57142857142857,MoneyGram,Money transfer operator,bank account,0.0,-1.415,0.8800000000000001,0.3400000000000001
USANPL,2024_3Q,cc1,USA,NPL,South Asia,3,4.38,4.375,0.0,26,9,5.1850000000000005,0.76,2.065,30.76923076923077,7,2.47,71.42857142857143,Prabhu Money Transfer,Money transfer operator,cash,25.0,-0.8050000000000006,3.62,2.315
USANPL,2024_3Q,cc2,USA,NPL,South Asia,3,2.09,2.088,0.0,25,9,3.73,0.76,1.512,24.0,7,1.97,71.42857142857143,Prabhu Money Transfer,Money transfer operator,cash,33.33333333333333,-1.6400000000000001,1.3299999999999998,0.5779999999999998
USANPL,2024_4Q,cc1,USA,NPL,South Asia,3,4.38,4.38,0.0,24,9,5.265000000000001,1.22,2.079,25.0,7,2.46,71.42857142857143,Muncha,Money transfer operator,bank account,33.33333333333333,-0.8850000000000007,3.16,2.3009999999999997
USANPL,2024_4Q,cc2,USA,NPL,South Asia,3,2.33,2.336,-0.01,23,9,3.98,1.22,1.568,26.08695652173913,7,1.96,71.42857142857143,Muncha,Money transfer operator,bank account,33.33333333333333,-1.65,1.11,0.762
USANPL,2025_1Q,cc1,USA,NPL,South Asia,3,3.25,3.2300000000000004,0.02,23,9,5.57,1.1199999999999999,1.6239999999999999,26.08695652173913,7,2.1,71.42857142857143,Prabhu Money Transfer,Money transfer operator,cash,33.33333333333333,-2.3200000000000003,2.13,1.6260000000000001
USANPL,2025_1Q,cc2,USA,NPL,South Asia,3,2.71,2.692,0.02,22,9,4.470000000000001,1.1199999999999999,1.326,27.27272727272727,7,1.5699999999999998,71.42857142857143,Prabhu Money Transfer,Money transfer operator,cash,33.33333333333333,-1.7600000000000007,1.59,1.384
USANPL,2025_3Q,cc1,USA,NPL,South Asia,3,3.16,3.1549999999999994,0.01,19,8,4.96,0.86,1.4940000000000002,42.10526315789473,7,1.65,85.71428571428571,Prabhu Money Transfer,Money transfer operator,cash,25.0,-1.7999999999999998,2.3000000000000003,1.666
USANPL,2025_3Q,cc2,USA,NPL,South Asia,3,2.63,2.622,0.01,18,8,2.91,0.86,1.07,44.44444444444444,7,1.3,85.71428571428571,Prabhu Money Transfer,Money transfer operator,cash,25.0,-0.28000000000000025,1.77,1.5599999999999998
USAPAK,2024_3Q,cc1,USA,PAK,South Asia,3,4.26,4.295,-0.04,20,6,4.555,1.9,1.97,45.0,4,2.6550000000000002,75.0,Western Union,Money transfer operator,bank account,44.44444444444444,-0.29499999999999993,2.36,2.29
USAPAK,2024_3Q,cc2,USA,PAK,South Asia,3,2.08,2.118,-0.04,19,5,3.21,1.51,1.8599999999999999,26.31578947368421,4,1.7999999999999998,75.0,Western Union,Money transfer operator,bank account,40.0,-1.13,0.5700000000000001,0.2200000000000002
USAPAK,2024_4Q,cc1,USA,PAK,South Asia,3,4.35,4.29,0.06,19,6,4.32,0.89,0.89,52.63157894736842,4,1.9249999999999998,100.0,Xoom,Money transfer operator,bank account,50.0,0.02999999999999936,3.4599999999999995,3.4599999999999995
USAPAK,2024_4Q,cc2,USA,PAK,South Asia,3,2.18,2.1239999999999997,0.06,18,5,3.075,0.89,0.89,38.88888888888889,4,1.625,75.0,Xoom,Money transfer operator,bank account,71.42857142857143,-0.895,1.29,1.29
USAPAK,2025_1Q,cc1,USA,PAK,South Asia,3,2.63,2.545,0.08,19,6,3.2800000000000002,0.9900000000000001,0.9900000000000001,36.84210526315789,4,2.72,50.0,Xoom,Money transfer operator,bank account,71.42857142857143,-0.6500000000000004,1.6399999999999997,1.6399999999999997
USAPAK,2025_1Q,cc2,USA,PAK,South Asia,3,2.1999999999999997,2.116,0.08,18,5,2.58,0.9900000000000001,0.9900000000000001,38.88888888888889,4,2.12,50.0,Xoom,Money transfer operator,bank account,71.42857142857143,-0.38000000000000034,1.2099999999999995,1.2099999999999995
USAPAK,2025_3Q,cc1,USA,PAK,"Middle East, North Africa, Afghanistan & Pakistan",3,2.63,2.49,0.14,21,6,3.33,0.45,1.62,47.61904761904761,5,2.01,100.0,Ria,Money transfer operator,bank account,40.0,-0.7000000000000002,2.1799999999999997,1.0099999999999998
USAPAK,2025_3Q,cc2,USA,PAK,"Middle East, North Africa, Afghanistan & Pakistan",3,2.2,2.06,0.14,21,6,2.51,0.45,1.17,42.857142857142854,5,1.23,100.0,Ria,Money transfer operator,bank account,33.33333333333333,-0.3099999999999996,1.7500000000000002,1.0300000000000002
USAPHL,2024_3Q,cc1,USA,PHL,East Asia & Pacific,1,4.29,4.26,0.03,55,13,5.21,0.0,2.35,36.36363636363637,9,3.9,55.55555555555556,MoneyGram,Money transfer operator,cash,15.0,-0.9199999999999999,4.29,1.94
USAPHL,2024_3Q,cc2,USA,PHL,East Asia & Pacific,1,2.07,2.044,0.03,54,13,3.4850000000000003,0.0,1.6,24.074074074074073,9,2.7,22.22222222222222,MoneyGram,Money transfer operator,cash,7.6923076923076925,-1.4150000000000005,2.07,0.46999999999999975
USAPHL,2024_4Q,cc1,USA,PHL,East Asia & Pacific,1,4.26,4.25,0.01,54,13,5.119999999999999,0.34,2.47,37.03703703703704,8,4.805,50.0,WorldRemit,Money transfer operator,mobile wallet,15.0,-0.8599999999999994,3.92,1.7899999999999996
USAPHL,2024_4Q,cc2,USA,PHL,East Asia & Pacific,1,2.05,2.0399999999999996,0.01,53,13,3.42,0.34,1.62,18.867924528301888,8,3.505,25.0,WorldRemit,Money transfer operator,mobile wallet,10.0,-1.37,1.7099999999999997,0.4299999999999997
USAPHL,2025_1Q,cc1,USA,PHL,East Asia & Pacific,1,1.1900000000000002,1.19,0.0,54,13,4.5,1.58,2.322,0.0,9,3.3099999999999996,0.0,MoneyGram,Money transfer operator,mobile wallet,,-3.3099999999999996,-0.3899999999999999,-1.132
USAPHL,2025_1Q,cc2,USA,PHL,East Asia & Pacific,1,0.9199999999999999,0.9159999999999999,0.0,53,13,3.06,1.28,1.6,0.0,9,2.41,0.0,MoneyGram,Money transfer operator,mobile wallet,,-2.14,-0.3600000000000001,-0.6800000000000002
USAPHL,2025_3Q,cc1,USA,PHL,East Asia & Pacific,1,4.06,4.06,0.0,56,13,3.96,0.58,1.835,51.78571428571429,10,3.46,70.0,MoneyGram,Money transfer operator,mobile wallet,17.24137931034483,0.09999999999999964,3.4799999999999995,2.2249999999999996
USAPHL,2025_3Q,cc2,USA,PHL,East Asia & Pacific,1,1.96,1.9640000000000002,0.0,52,13,2.885,0.58,1.5730000000000002,28.846153846153843,10,2.86,40.0,MoneyGram,Money transfer operator,mobile wallet,26.666666666666668,-0.9249999999999998,1.38,0.3869999999999998
USATHA,2024_3Q,cc1,USA,THA,East Asia & Pacific,3,4.54,4.54,0.0,23,10,7.12,0.62,1.98,26.08695652173913,5,1.98,60.0,Walmart2World,Bank,cash,16.666666666666664,-2.58,3.92,2.56
USATHA,2024_3Q,cc2,USA,THA,East Asia & Pacific,3,2.16,2.162,0.0,22,9,6.234999999999999,0.62,1.402,18.181818181818183,5,1.6,60.0,Walmart2World,Bank,cash,25.0,-4.074999999999999,1.54,0.7580000000000002
USATHA,2024_4Q,cc1,USA,THA,East Asia & Pacific,3,4.45,4.405,0.04,22,10,7.76,2.16,2.801,18.181818181818183,5,2.64,60.0,Remitly,Money transfer operator,bank account,0.0,-3.3099999999999996,2.29,1.649
USATHA,2024_4Q,cc2,USA,THA,East Asia & Pacific,3,2.21,2.17,0.04,21,9,7.0,1.56,2.34,9.523809523809524,5,2.34,40.0,Remitly,Money transfer operator,bank account,0.0,-4.79,0.6499999999999999,-0.1299999999999999
USATHA,2025_1Q,cc1,USA,THA,East Asia & Pacific,3,2.67,2.655,0.01,23,10,6.67,1.6400000000000001,2.29,13.043478260869565,5,2.19,60.0,Western Union,Money transfer operator,bank account,0.0,-4.0,1.0299999999999998,0.3799999999999999
USATHA,2025_1Q,cc2,USA,THA,East Asia & Pacific,3,2.17,2.16,0.01,22,9,5.67,1.34,1.59,27.27272727272727,5,1.59,60.0,Western Union,Money transfer operator,bank account,0.0,-3.5,0.8299999999999998,0.5799999999999998
USATHA,2025_3Q,cc1,USA,THA,East Asia & Pacific,3,2.62,2.595,0.02,23,10,6.26,0.75,2.512,13.043478260869565,6,3.26,33.33333333333333,MoneyGram,Money transfer operator,cash,0.0,-3.6399999999999997,1.87,0.1080000000000001
USATHA,2025_3Q,cc2,USA,THA,East Asia & Pacific,3,2.12,2.104,0.02,22,10,5.6850000000000005,0.46,1.66,27.27272727272727,6,2.66,16.666666666666664,MoneyGram,Money transfer operator,cash,0.0,-3.5650000000000004,1.6600000000000001,0.4600000000000002
USAUKR,2024_3Q,cc1,USA,UKR,Europe & Central Asia,3,4.2,3.74,0.46,16,6,3.79,1.11,1.8900000000000001,68.75,0,,,Remitly,Money transfer operator,cash,45.45454545454545,0.41000000000000014,3.09,2.31
USAUKR,2024_3Q,cc2,USA,UKR,Europe & Central Asia,3,2.38,1.918,0.46,15,6,3.79,1.11,1.6740000000000004,13.333333333333334,0,,,Remitly,Money transfer operator,cash,100.0,-1.4100000000000001,1.2699999999999998,0.7059999999999995
USAUKR,2024_4Q,cc1,USA,UKR,Europe & Central Asia,3,4.45,3.7149999999999994,0.73,16,6,4.23,1.12,1.685,62.5,0,,,Remitly,Money transfer operator,cash,50.0,0.21999999999999975,3.33,2.765
USAUKR,2024_4Q,cc2,USA,UKR,Europe & Central Asia,3,2.48,1.746,0.73,15,6,4.23,1.12,1.5120000000000002,20.0,0,,,Remitly,Money transfer operator,cash,66.66666666666666,-1.7500000000000004,1.3599999999999999,0.9679999999999997
USAUKR,2025_1Q,cc1,USA,UKR,Europe & Central Asia,3,2.58,1.955,0.9299999999999999,16,6,4.130000000000001,1.09,1.6550000000000002,18.75,0,,,Remitly,Money transfer operator,cash,66.66666666666666,-1.5500000000000007,1.49,0.9249999999999998
USAUKR,2025_1Q,cc2,USA,UKR,Europe & Central Asia,3,2.37,1.746,0.9299999999999999,15,6,4.130000000000001,1.09,1.6300000000000003,13.333333333333334,0,,,Remitly,Money transfer operator,cash,100.0,-1.7600000000000007,1.28,0.7399999999999998
USAUKR,2025_3Q,cc1,USA,UKR,Europe & Central Asia,3,3.3,2.45,0.85,17,6,3.75,1.1,2.0660000000000003,47.05882352941176,0,,,Remitly,Money transfer operator,cash,50.0,-0.4500000000000002,2.1999999999999997,1.2339999999999995
USAUKR,2025_3Q,cc2,USA,UKR,Europe & Central Asia,3,2.91,2.062,0.85,16,6,2.955,1.1,1.525,43.75,0,,,Remitly,Money transfer operator,cash,57.14285714285714,-0.04499999999999993,1.81,1.3850000000000002
USAVNM,2024_3Q,cc1,USA,VNM,East Asia & Pacific,3,4.67,4.67,0.03,28,8,5.9350000000000005,0.0,2.1980000000000004,28.57142857142857,7,5.87,28.57142857142857,Walmart2World,Bank,cash,37.5,-1.2650000000000006,4.67,2.4719999999999995
USAVNM,2024_3Q,cc2,USA,VNM,East Asia & Pacific,3,2.41,2.3800000000000003,0.03,27,7,3.4,0.0,0.9900000000000001,37.03703703703704,7,3.4,14.285714285714285,Walmart2World,Bank,cash,30.0,-0.9899999999999998,2.41,1.42
USAVNM,2024_4Q,cc1,USA,VNM,East Asia & Pacific,3,4.68,4.67,0.01,28,8,6.0,0.0,3.161,28.57142857142857,7,6.0,28.57142857142857,MoneyGram,Money transfer operator,cash,25.0,-1.3200000000000003,4.68,1.5189999999999997
USAVNM,2024_4Q,cc2,USA,VNM,East Asia & Pacific,3,2.39,2.382,0.01,27,7,3.4,0.0,1.764,22.22222222222222,7,3.66,14.285714285714285,MoneyGram,Money transfer operator,cash,33.33333333333333,-1.0099999999999998,2.39,0.6260000000000001
USAVNM,2025_1Q,cc1,USA,VNM,East Asia & Pacific,3,2.73,2.73,0.0,28,8,6.0,0.0,3.14,3.571428571428571,7,6.0,0.0,Walmart2World,Money transfer operator,cash,100.0,-3.27,2.73,-0.41000000000000014
USAVNM,2025_1Q,cc2,USA,VNM,East Asia & Pacific,3,2.18,2.1839999999999997,0.0,27,7,3.19,0.0,1.78,22.22222222222222,7,3.5900000000000003,14.285714285714285,Walmart2World,Money transfer operator,cash,16.666666666666664,-1.0099999999999998,2.18,0.40000000000000013
USAVNM,2025_3Q,cc1,USA,VNM,East Asia & Pacific,3,2.67,2.67,0.0,32,8,5.89,0.0,2.5460000000000003,15.625,11,4.72,36.36363636363637,Walmart2World,Money transfer operator,cash,20.0,-3.2199999999999998,2.67,0.12399999999999967
USAVNM,2025_3Q,cc2,USA,VNM,East Asia & Pacific,3,2.13,2.128,0.0,31,8,2.99,0.0,1.78,29.03225806451613,11,2.99,36.36363636363637,Walmart2World,Money transfer operator,cash,11.11111111111111,-0.8600000000000003,2.13,0.34999999999999987
USAZAF,2024_3Q,cc1,USA,ZAF,Sub-Saharan Africa,3,7.82,7.795000000000001,0.02,14,5,7.47,4.98,5.364999999999999,64.28571428571429,6,6.915,83.33333333333334,WorldRemit,Money transfer operator,bank account,0.0,0.35000000000000053,2.84,2.455000000000001
USAZAF,2024_3Q,cc2,USA,ZAF,Sub-Saharan Africa,3,3.47,3.4459999999999997,0.02,14,5,6.82,3.58,4.383,0.0,6,6.16,0.0,Western Union,Money transfer operator,cash,,-3.35,-0.10999999999999988,-0.9129999999999998
USAZAF,2024_4Q,cc1,USA,ZAF,Sub-Saharan Africa,3,7.78,7.79,-0.01,14,5,7.225,5.0,5.615,57.14285714285714,6,6.605,83.33333333333334,WorldRemit,Money transfer operator,bank account,0.0,0.5550000000000006,2.7800000000000002,2.165
USAZAF,2024_4Q,cc2,USA,ZAF,Sub-Saharan Africa,3,3.51,3.5180000000000002,-0.01,14,5,6.744999999999999,3.39,4.535,7.142857142857142,6,5.895,0.0,Western Union,Money transfer operator,cash,0.0,-3.2349999999999994,0.11999999999999966,-1.0250000000000004
USAZAF,2025_1Q,cc1,USA,ZAF,Sub-Saharan Africa,3,6.069999999999999,6.035,0.03,15,6,7.180000000000001,1.92,2.06,40.0,7,4.92,57.14285714285714,WorldRemit,Money transfer operator,bank account,0.0,-1.1100000000000012,4.1499999999999995,4.01
USAZAF,2025_1Q,cc2,USA,ZAF,Sub-Saharan Africa,3,3.55,3.5159999999999996,0.03,15,6,6.17,1.32,1.488,26.666666666666668,7,4.32,42.857142857142854,WorldRemit,Money transfer operator,bank account,0.0,-2.62,2.2299999999999995,2.062
USAZAF,2025_3Q,cc1,USA,ZAF,Sub-Saharan Africa,3,5.98,5.98,0.0,16,6,4.95,1.72,1.8,56.25,7,2.18,57.14285714285714,WorldRemit,Money transfer operator,bank account,0.0,1.0300000000000002,4.260000000000001,4.180000000000001
USAZAF,2025_3Q,cc2,USA,ZAF,Sub-Saharan Africa,3,3.46,3.458,0.0,16,6,3.665,1.12,1.2,43.75,7,1.65,57.14285714285714,WorldRemit,Money transfer operator,bank account,0.0,-0.20500000000000007,2.34,2.26
